customer_id,first_observed_date,last_observed_date,orders,sales,profit,profit_margin,second_order_date,first_order_region,first_order_segment,days_since_last_order
AA-10315,2014-03-31,2017-06-29,5,5563.56,-362.8825,-0.0652248740015,2014-09-15,West,Consumer,184
AA-10375,2014-04-21,2017-12-11,9,1056.39,277.3824,0.262575753273,2014-10-24,West,Consumer,19
AA-10480,2014-05-04,2017-04-15,4,1790.512,435.8274,0.243409371174,2016-07-17,East,Consumer,259
AA-10645,2014-06-22,2017-11-05,6,5086.935,857.8033,0.168628712574,2014-12-01,East,Consumer,55
AB-10015,2014-02-18,2016-11-10,3,886.156,129.3465,0.145963577519,2014-03-07,Central,Consumer,415
AB-10060,2015-09-18,2017-11-06,8,7755.62,2054.5885,0.264916086657,2016-03-13,West,Home Office,54
AB-10105,2014-12-20,2017-11-19,10,14473.571,5444.8055,0.376189504304,2015-11-07,Central,Consumer,41
AB-10150,2014-03-05,2017-11-19,5,966.71,313.6597,0.32446100692,2015-09-10,East,Consumer,41
AB-10165,2014-11-16,2017-12-05,8,1113.838,220.813,0.198245166712,2015-03-28,Central,Consumer,25
AB-10255,2014-07-22,2017-07-17,9,914.532,264.5675,0.289292774884,2015-05-08,West,Home Office,166
AB-10600,2014-11-18,2017-11-10,4,1515.862,-274.9604,-0.181388807161,2015-02-18,Central,Corporate,50
AC-10420,2014-07-12,2017-05-12,3,925.8,-62.1342,-0.0671140635126,2016-02-23,West,Corporate,232
AC-10450,2014-10-31,2017-12-19,7,5527.846,1366.0098,0.247114300941,2015-06-15,West,Consumer,11
AC-10615,2015-09-15,2017-12-24,5,2537.686,298.8273,0.117755821642,2017-02-23,East,Corporate,6
AC-10660,2014-10-15,2017-03-23,5,657.316,-28.7004,-0.0436630174832,2016-03-17,East,Consumer,282
AD-10180,2014-11-19,2017-12-01,8,6106.88,1869.9294,0.306200449329,2014-12-26,East,Home Office,29
AF-10870,2015-12-06,2017-11-19,7,2052.908,317.9712,0.154888187878,2016-04-23,West,Consumer,41
AF-10885,2014-05-10,2016-11-10,4,861.565,-163.1175,-0.189326980553,2014-09-12,East,Consumer,415
AG-10270,2014-05-13,2017-03-27,5,2582.898,732.7399,0.283689057795,2014-07-23,West,Consumer,278
AG-10300,2014-04-26,2017-09-03,4,367.548,59.2884,0.161307910803,2015-11-19,West,Corporate,118
AG-10330,2016-08-03,2017-12-22,5,660.972,-5.1371,-0.00777203875505,2017-12-10,Central,Consumer,8
AG-10390,2014-04-19,2017-09-07,5,200.945,69.2784,0.344762994849,2014-09-03,South,Consumer,114
AG-10495,2015-01-04,2017-10-13,8,2356.855,295.6668,0.125449720072,2015-06-08,South,Corporate,78
AG-10525,2014-08-09,2015-09-07,4,1455.038,-152.7613,-0.104987842242,2014-09-02,South,Corporate,845
AG-10675,2015-05-07,2017-09-24,7,3489.0396,-246.4257,-0.0706285190916,2016-01-14,Central,Consumer,97
AG-10765,2014-09-17,2017-10-14,4,170.584,-8.431,-0.0494243305351,2015-06-09,East,Home Office,77
AG-10900,2014-07-23,2017-09-25,10,4510.797,343.6824,0.0761910589193,2015-09-05,West,Consumer,96
AH-10030,2014-04-22,2017-12-18,7,1744.7,365.2152,0.209328365908,2014-05-13,East,Corporate,12
AH-10075,2014-11-16,2017-11-26,10,3250.337,281.189,0.0865107218113,2015-12-21,West,Corporate,34
AH-10120,2014-07-18,2017-10-31,7,1735.514,-2.3146,-0.00133366829654,2016-06-30,West,Home Office,60
AH-10195,2015-03-05,2017-11-05,4,1587.452,-378.5509,-0.238464470107,2016-12-18,East,Corporate,55
AH-10210,2014-11-29,2017-12-24,9,4805.344,1308.5546,0.272312367231,2015-11-10,West,Consumer,6
AH-10465,2015-01-03,2017-05-14,5,2495.3916,-196.1201,-0.0785929150359,2015-01-17,Central,Consumer,230
AH-10585,2014-10-26,2017-12-09,4,738.504,83.963,0.113693358465,2016-09-15,West,Consumer,21
AH-10690,2014-04-02,2016-11-15,12,7888.294,1298.0166,0.164549723933,2015-05-04,South,Corporate,410
AI-10855,2014-04-28,2017-12-17,10,4375.786,867.7271,0.198301996487,2014-05-10,West,Consumer,13
AJ-10780,2014-01-10,2017-10-16,7,4867.344,150.713,0.0309641151314,2014-10-31,South,Corporate,75
AJ-10795,2014-05-14,2017-07-17,7,4501.391,1158.7064,0.25741074259,2014-12-29,South,Corporate,166
AJ-10945,2014-03-03,2017-10-06,7,1839.24,521.1352,0.283342685022,2015-06-01,South,Consumer,85
AJ-10960,2014-09-14,2017-10-17,3,629.248,60.4265,0.096029705299,2014-12-30,East,Consumer,74
AM-10360,2014-10-06,2017-12-02,5,814.012,194.9878,0.239539220552,2015-03-23,Central,Corporate,28
AM-10705,2014-10-31,2017-07-21,8,5664.022,1085.7326,0.191689333128,2015-09-13,East,Consumer,162
AO-10810,2016-08-16,2016-08-16,1,161.28,12.096,0.075,,West,Corporate,501
AP-10720,2014-03-03,2017-11-19,8,1638.554,285.7888,0.174415246614,2015-11-22,East,Home Office,41
AP-10915,2014-08-23,2017-09-23,10,3323.556,579.3113,0.17430466043,2014-09-29,West,Consumer,98
AR-10345,2014-12-30,2017-09-10,4,1055.694,-221.0544,-0.209392494416,2015-09-10,East,Corporate,111
AR-10405,2014-10-03,2017-08-27,5,2236.128,-98.7646,-0.0441676862863,2015-07-31,West,Corporate,125
AR-10510,2014-05-02,2017-12-16,5,264.864,43.6695,0.164875181225,2014-05-23,East,Consumer,14
AR-10540,2014-11-25,2017-12-24,6,6608.448,2884.6208,0.436505031136,2015-04-11,East,Consumer,6
AR-10570,2016-07-14,2016-07-14,1,88.15,32.633,0.370198525241,,South,Consumer,534
AR-10825,2014-06-30,2017-11-02,8,4523.336,494.8352,0.109396074048,2015-03-08,West,Corporate,58
AS-10045,2014-07-27,2017-10-03,7,3050.692,-253.5746,-0.0831203543327,2016-03-28,East,Corporate,88
AS-10090,2014-09-22,2017-12-02,9,3255.31,64.5374,0.0198252700972,2014-12-24,East,Consumer,28
AS-10135,2016-11-13,2017-11-19,2,58.82,21.8496,0.371465487929,2017-11-19,West,Home Office,41
AS-10225,2014-10-18,2017-12-08,5,4260.784,719.7751,0.168930201578,2015-05-04,South,Corporate,22
AS-10240,2014-03-15,2017-06-21,7,584.608,33.7158,0.0576724916525,2014-10-11,South,Consumer,192
AS-10285,2016-05-21,2017-12-11,6,3214.236,354.6276,0.110330293109,2016-10-28,Central,Corporate,19
AS-10630,2014-08-01,2017-09-29,7,833.398,136.4919,0.163777570861,2014-12-07,East,Home Office,92
AT-10435,2014-11-24,2017-12-09,6,1171.814,100.8768,0.0860860170641,2014-12-27,East,Home Office,21
AT-10735,2014-08-30,2017-12-17,10,3831.864,974.107,0.254212310249,2014-11-03,East,Consumer,13
AW-10840,2015-04-13,2017-12-10,4,649.376,65.7725,0.101285695806,2015-11-29,West,Consumer,20
AW-10930,2014-07-14,2017-11-14,7,2852.968,-104.5486,-0.0366455564871,2015-11-13,Central,Home Office,46
AY-10555,2014-04-06,2017-12-16,4,497.014,103.3499,0.207941627399,2014-12-26,West,Corporate,14
AZ-10750,2014-03-17,2017-07-23,6,1622.018,154.9503,0.0955293344464,2014-03-25,Central,Consumer,160
BB-10990,2014-07-27,2017-09-16,5,744.34,11.5839,0.0155626461026,2015-11-02,West,Corporate,105
BB-11545,2015-06-05,2017-12-02,9,6765.728,1015.075,0.15003189605,2015-11-21,Central,Corporate,28
BC-11125,2014-07-06,2017-06-11,9,2933.676,251.5974,0.0857618223689,2014-09-13,West,Home Office,202
BD-11320,2015-05-31,2017-11-27,12,5718.521,1094.5037,0.191396289355,2015-08-10,Central,Consumer,33
BD-11500,2014-02-01,2017-11-25,6,4411.243,1142.1225,0.258911717174,2014-10-14,Central,Consumer,35
BD-11560,2015-05-30,2017-03-27,2,320.54,116.714,0.364116802895,2017-03-27,South,Home Office,278
BD-11605,2014-01-13,2017-09-24,7,3288.471,634.8463,0.193052120575,2014-08-15,West,Consumer,97
BD-11620,2014-06-30,2017-10-22,6,1538.11,206.7569,0.134422700587,2016-03-08,South,Consumer,69
BD-11635,2014-10-05,2017-12-21,3,582.646,141.534,0.242915938666,2015-12-05,East,Consumer,9
BD-11725,2015-07-03,2017-09-28,6,1526.5,333.9791,0.218787487717,2016-02-25,South,Consumer,93
BD-11770,2016-03-10,2017-02-06,6,658.466,141.265,0.214536513654,2016-05-02,East,Consumer,327
BE-11335,2016-01-15,2017-09-02,5,4204.676,1487.7739,0.353837941378,2016-07-25,East,Home Office,119
BE-11410,2016-02-07,2017-09-23,5,2261.438,755.9151,0.334263022024,2016-10-14,East,Consumer,98
BE-11455,2015-08-02,2017-04-20,6,1727.652,139.2008,0.0805722448734,2015-09-14,East,Home Office,254
BF-10975,2014-07-14,2017-09-30,7,599.798,227.4384,0.379191661193,2014-08-01,East,Corporate,91
BF-11005,2014-09-25,2017-11-21,4,1333.88,-291.3811,-0.218446262033,2016-05-05,West,Home Office,39
BF-11020,2014-02-15,2017-10-17,8,2888.506,302.02,0.104559242737,2015-10-30,West,Corporate,74
BF-11080,2014-11-28,2017-12-05,3,272.95,110.9272,0.406401172376,2017-09-12,South,Consumer,25
BF-11170,2014-04-13,2017-12-14,11,5907.972,1538.2127,0.260362219049,2014-07-12,East,Home Office,16
BF-11215,2014-11-09,2017-10-26,4,1585.162,523.2133,0.330069292602,2016-06-09,East,Home Office,65
BF-11275,2014-03-22,2017-11-03,3,791.99,25.8702,0.0326648063738,2017-07-10,West,Corporate,57
BG-11035,2014-11-05,2017-12-02,8,2798.948,-711.4274,-0.254176712108,2014-12-06,South,Consumer,28
BG-11695,2014-05-11,2017-11-24,6,1874.172,107.5715,0.0573968130993,2015-01-05,East,Corporate,36
BG-11740,2014-03-23,2017-11-03,6,1006.356,119.3479,0.1185941158,2015-06-18,South,Consumer,57
BH-11710,2014-06-09,2017-12-07,8,6255.351,802.7898,0.128336491429,2014-11-11,West,Consumer,23
BK-11260,2014-08-03,2017-10-14,6,659.138,-63.7644,-0.0967390743668,2014-12-06,East,Consumer,77
BM-11140,2014-09-08,2017-02-26,4,11789.63,-1659.9581,-0.140798150578,2016-09-02,Central,Consumer,307
BM-11575,2015-09-15,2017-09-21,6,808.162,95.5816,0.118270346787,2016-01-02,East,Corporate,100
BM-11650,2014-07-09,2017-11-27,11,7294.185,2199.2781,0.301511148949,2014-09-21,Central,Corporate,33
BM-11785,2014-06-06,2017-05-26,10,1338.842,137.7439,0.102882864446,2014-09-02,East,Consumer,218
BN-11470,2014-09-12,2017-12-06,4,265.296,36.6131,0.138008488632,2015-04-16,South,Corporate,24
BN-11515,2014-03-17,2017-12-21,5,1459.344,340.7054,0.233464762249,2014-09-17,Central,Consumer,9
BO-11350,2016-01-03,2017-08-15,5,2682.728,278.777,0.103915491992,2016-04-28,Central,Corporate,137
BO-11425,2015-09-10,2017-10-16,2,130.83,59.4522,0.454423297409,2017-10-16,East,Consumer,75
BP-11050,2014-10-12,2017-10-08,5,983.42,209.783,0.213319842997,2016-11-25,Central,Corporate,83
BP-11095,2014-06-07,2017-12-13,12,2442.044,433.9751,0.177709779185,2014-10-09,Central,Corporate,17
BP-11155,2015-06-04,2017-10-02,6,1697.861,647.3847,0.381294287342,2016-06-28,West,Consumer,89
BP-11185,2015-03-24,2017-12-29,9,3675.861,363.5991,0.0989153561574,2015-08-28,South,Corporate,1
BP-11230,2014-04-20,2017-11-21,5,1181.49,-197.2695,-0.166966711525,2015-04-30,West,Consumer,39
BP-11290,2014-10-03,2017-12-18,7,2475.157,-319.0637,-0.128906449167,2016-04-12,Central,Consumer,12
BS-11365,2014-05-04,2016-06-20,5,10501.653,2616.0644,0.24910977348,2014-08-19,West,Corporate,558
BS-11380,2014-11-29,2017-12-02,5,3887.834,-17.5322,-0.00450950323496,2015-12-03,Central,Corporate,28
BS-11590,2014-01-14,2017-11-25,6,2454.928,381.7807,0.155516047721,2014-08-25,East,Corporate,35
BS-11665,2014-06-23,2016-05-27,3,3288.11,238.7368,0.0726060867793,2015-11-17,East,Consumer,582
BS-11755,2014-05-18,2017-12-29,7,2562.382,-113.2984,-0.0442160458511,2014-08-03,East,Consumer,1
BS-11800,2015-09-26,2017-04-09,2,949.43,194.0516,0.20438747459,2017-04-09,West,Home Office,265
BT-11305,2014-04-25,2017-01-28,5,2567.656,417.5918,0.162635415336,2015-09-06,West,Home Office,336
BT-11395,2014-10-28,2017-03-03,6,2186.613,257.9163,0.117952422308,2015-02-27,Central,Corporate,302
BT-11440,2014-06-04,2016-06-18,4,603.876,-77.5256,-0.128379998543,2014-11-23,East,Consumer,560
BT-11485,2015-12-27,2016-03-11,2,415.196,126.8694,0.305565082515,2016-03-11,East,Home Office,659
BT-11530,2014-05-21,2017-09-30,5,2684.492,409.4983,0.152542194203,2014-12-22,West,Home Office,91
BT-11680,2014-11-28,2017-12-10,7,3196.752,447.7484,0.140063539493,2015-07-09,Central,Consumer,20
BV-11245,2015-03-26,2017-01-30,5,1523.273,315.2214,0.206936904941,2015-06-18,South,Corporate,334
BW-11065,2014-05-25,2017-06-01,3,385.516,-58.2866,-0.151191130848,2015-08-11,East,Consumer,212
BW-11110,2015-03-20,2017-08-31,8,4750.358,921.2574,0.193934309793,2015-04-26,Central,Corporate,121
BW-11200,2014-08-12,2017-06-10,6,1738.406,246.9973,0.14208263202,2014-09-30,West,Consumer,203
CA-11965,2014-01-26,2017-09-25,6,3789.7228,1143.3817,0.301705892579,2015-04-05,Central,Corporate,96
CA-12055,2015-09-05,2016-11-24,5,1679.724,211.2559,0.125768221446,2016-04-24,Central,Home Office,401
CA-12265,2014-03-25,2017-11-04,9,2648.2872,279.6183,0.105584583122,2014-12-26,West,Consumer,56
CA-12310,2014-07-19,2017-12-17,4,1421.954,246.0218,0.173016707995,2016-01-03,East,Corporate,13
CA-12775,2014-06-28,2017-09-01,7,3041.566,204.4895,0.0672316497488,2014-09-14,East,Consumer,120
CB-12025,2014-03-21,2017-11-13,10,6076.139,150.2089,0.0247211099022,2014-11-17,East,Consumer,47
CB-12415,2015-11-05,2017-12-04,8,1949.2,272.3883,0.139743638416,2016-01-23,East,Consumer,26
CB-12535,2015-01-02,2017-06-16,8,4246.4555,1049.5601,0.247161450297,2015-05-08,East,Corporate,197
CC-12100,2014-12-16,2016-09-29,6,1770.945,208.5912,0.117785250248,2015-05-29,West,Home Office,457
CC-12145,2014-07-20,2017-09-15,7,2471.65,392.2825,0.158712803188,2015-01-30,West,Consumer,106
CC-12220,2014-09-09,2017-12-10,12,3913.418,393.9618,0.100669491478,2014-10-04,Central,Consumer,20
CC-12370,2016-05-23,2017-11-17,5,12129.072,2177.0493,0.179490178639,2016-07-07,East,Consumer,43
CC-12430,2015-09-06,2017-12-30,10,2870.05,424.6583,0.147961986725,2016-01-17,East,Home Office,0
CC-12475,2014-05-16,2017-11-21,9,1659.438,154.851,0.0933153272373,2016-05-02,West,Consumer,39
CC-12550,2017-06-15,2017-12-03,3,113.832,33.8706,0.297549019608,2017-12-01,West,Consumer,27
CC-12610,2014-08-27,2017-11-26,7,2540.631,331.434,0.130453418855,2015-07-30,South,Corporate,34
CC-12670,2014-12-23,2017-12-01,7,2269.7015,187.8399,0.0827597373487,2015-09-12,South,Consumer,29
CC-12685,2014-03-22,2015-10-23,4,2854.115,850.1591,0.297871354168,2015-01-09,South,Consumer,799
CD-11920,2014-03-24,2017-11-20,5,2033.968,426.661,0.209767803623,2015-11-27,East,Consumer,40
CD-11980,2016-11-24,2017-11-06,3,639.766,-206.7172,-0.32311376347,2017-03-18,West,Consumer,54
CD-12280,2017-11-05,2017-11-18,2,1205.584,233.0274,0.193290056935,2017-11-18,East,Consumer,42
CD-12790,2014-02-02,2016-11-26,5,1860.732,403.8422,0.217034048966,2014-12-27,West,Home Office,399
CG-12040,2015-06-01,2017-11-11,6,904.468,86.5106,0.0956480494611,2016-06-20,West,Home Office,49
CG-12520,2015-10-15,2017-01-26,3,1148.78,169.9344,0.147925973642,2016-11-08,Central,Consumer,338
CH-12070,2015-06-25,2016-02-08,3,1537.236,195.1511,0.126949342847,2015-10-30,East,Home Office,691
CJ-11875,2016-12-30,2016-12-30,1,16.52,1.652,0.1,,East,Corporate,365
CJ-12010,2016-03-10,2017-06-24,8,11164.974,858.7414,0.0769138736911,2016-05-07,East,Consumer,189
CK-12205,2014-03-11,2017-11-21,13,3154.855,141.2831,0.0447827554674,2014-06-16,East,Consumer,39
CK-12325,2014-03-14,2017-09-01,5,2945.321,261.2209,0.0886901291914,2014-06-02,South,Home Office,120
CK-12595,2014-12-26,2017-11-17,11,2372.75,497.7098,0.209760741755,2015-07-11,West,Consumer,43
CK-12760,2014-02-07,2017-10-09,9,1582.109,-338.4311,-0.213911367674,2014-12-09,East,Corporate,82
CL-11890,2014-07-26,2017-09-15,4,1262.014,328.0847,0.259969144558,2016-12-01,Central,Consumer,106
CL-12565,2014-03-04,2017-03-21,12,10880.546,1933.7831,0.177728498184,2014-07-12,South,Consumer,284
CL-12700,2016-04-24,2017-09-16,5,2353.586,229.0099,0.0973025417384,2016-09-24,West,Home Office,105
CM-11815,2014-11-14,2017-08-21,6,1673.888,214.463,0.128122670095,2014-12-31,Central,Corporate,131
CM-11935,2015-09-24,2016-01-22,2,565.392,-43.7324,-0.077348812859,2016-01-22,West,Consumer,708
CM-12115,2015-03-29,2017-12-22,4,1661.61,409.0679,0.246187673401,2017-03-31,East,Consumer,8
CM-12160,2016-10-21,2017-12-04,6,2533.314,-394.3686,-0.15567300382,2016-12-17,East,Consumer,26
CM-12190,2015-09-18,2017-12-22,6,1475.144,91.2033,0.0618267097992,2015-10-17,West,Consumer,8
CM-12235,2016-05-01,2016-12-10,5,2305.712,365.0387,0.158319295732,2016-05-26,South,Consumer,385
CM-12385,2015-03-16,2017-11-23,4,8954.02,3899.8904,0.435546313276,2015-09-14,South,Consumer,37
CM-12445,2014-06-09,2016-10-20,3,287.99,64.4296,0.223721657002,2016-09-26,West,Consumer,436
CM-12655,2015-03-19,2017-12-03,6,6339.5576,1572.4585,0.248039153395,2015-11-03,Central,Home Office,27
CM-12715,2014-03-07,2015-03-01,4,3984.4524,176.3108,0.0442496941361,2014-09-26,West,Corporate,1035
CP-12085,2014-12-04,2017-10-09,8,5402.254,427.0258,0.0790458575254,2015-03-24,East,Corporate,82
CP-12340,2014-03-17,2017-07-23,8,5888.275,-1850.3029,-0.314235136776,2015-11-07,East,Corporate,160
CR-12580,2016-04-18,2017-11-03,4,2148.852,74.4013,0.0346237432825,2016-09-23,Central,Home Office,57
CR-12625,2014-06-01,2016-09-16,3,475.9,144.7594,0.304180289977,2014-08-23,East,Home Office,470
CR-12730,2014-08-20,2017-10-13,4,1600.55,306.9176,0.191757583331,2016-06-12,Central,Consumer,78
CR-12820,2015-01-24,2017-10-06,3,1397.8724,83.2703,0.0595693140518,2017-02-17,South,Home Office,85
CS-11845,2014-12-14,2017-09-30,5,1278.954,185.3776,0.144944696995,2015-04-02,Central,Corporate,91
CS-11860,2014-05-02,2017-07-21,6,537.632,105.8275,0.196840031843,2014-06-30,South,Consumer,162
CS-11950,2014-06-08,2017-12-05,11,3036.547,-126.4223,-0.0416335726073,2014-11-18,West,Consumer,25
CS-12130,2014-08-05,2016-08-28,4,884.64,143.8339,0.162590319226,2015-09-21,West,Consumer,489
CS-12175,2014-08-12,2017-05-12,5,844.458,113.1405,0.133980020321,2016-04-17,East,Corporate,232
CS-12250,2014-01-13,2017-12-04,12,2754.216,738.3626,0.26808449301,2014-02-07,South,Corporate,26
CS-12355,2014-08-15,2017-12-24,11,3202.162,831.9432,0.259806718086,2014-08-15,South,Consumer,6
CS-12400,2014-09-26,2017-12-28,9,3651.8585,-342.8033,-0.0938709153161,2015-10-02,West,Home Office,2
CS-12460,2017-07-03,2017-12-03,2,550.644,156.2593,0.283775542819,2017-12-03,South,Consumer,27
CS-12490,2015-01-12,2016-11-01,4,1077.2285,-302.8761,-0.281162353205,2016-04-18,East,Corporate,424
CS-12505,2014-03-26,2017-11-02,6,5690.055,-6626.3895,-1.164556318,2015-05-12,West,Consumer,58
CT-11995,2014-05-07,2017-09-25,8,3241.898,161.2263,0.049732070534,2014-12-20,East,Consumer,96
CV-12295,2014-03-28,2017-04-20,5,2830.628,493.0861,0.174196715358,2014-09-02,Central,Consumer,254
CV-12805,2016-05-09,2017-12-25,9,2370.3136,98.9975,0.0417655705979,2016-09-01,Central,Corporate,5
CW-11905,2014-06-09,2017-12-08,6,1136.592,370.8298,0.326264657854,2015-01-23,Central,Home Office,22
CY-12745,2014-12-12,2017-10-31,8,2900.026,60.6467,0.0209124676813,2015-05-25,Central,Corporate,60
Co-12640,2014-06-20,2016-06-29,5,1300.076,205.6282,0.158166291817,2014-11-29,Central,Consumer,549
DA-13450,2014-04-25,2017-01-12,4,156.76,56.7904,0.362276090839,2014-09-10,Central,Home Office,352
DB-12910,2014-10-24,2017-12-09,8,2171.599,431.3748,0.198643856439,2016-04-01,South,Home Office,21
DB-12970,2014-11-12,2017-05-03,5,2839.2272,213.0029,0.0750214354103,2015-12-14,Central,Corporate,241
DB-13060,2014-03-01,2017-12-14,7,4531.646,473.0272,0.104383087293,2014-06-21,West,Consumer,16
DB-13120,2015-05-01,2017-11-12,7,2973.094,-1421.7692,-0.478211990606,2015-09-03,South,Corporate,48
DB-13210,2015-03-22,2017-12-21,10,2332.577,169.9679,0.0728670050335,2016-03-26,Central,Consumer,9
DB-13270,2014-02-04,2017-11-07,8,4655.897,841.8264,0.180808639023,2015-04-24,West,Home Office,53
DB-13360,2014-11-19,2017-04-10,5,1081.466,291.0085,0.269087054054,2015-06-26,West,Home Office,264
DB-13405,2015-08-08,2017-06-26,4,1711.692,438.9092,0.256418327596,2015-09-17,East,Consumer,187
DB-13555,2014-04-21,2017-09-14,7,3908.8028,109.327,0.0279694335053,2014-09-20,South,Corporate,107
DB-13615,2014-09-30,2017-11-27,7,1989.05,438.8012,0.220608431161,2015-09-01,West,Consumer,33
DB-13660,2014-06-17,2017-12-18,7,1155.202,177.6735,0.153802971255,2015-11-08,East,Consumer,12
DC-12850,2014-07-05,2017-11-23,9,3336.168,-1441.6313,-0.432121913525,2014-09-13,Central,Consumer,37
DC-13285,2014-12-29,2017-12-07,5,1174.618,132.0682,0.112435021428,2015-03-22,Central,Consumer,23
DD-13570,2014-03-31,2017-11-19,6,269.542,36.4344,0.135171513159,2014-12-30,Central,Consumer,41
DE-13255,2014-08-22,2016-01-11,5,2550.874,464.4714,0.182083238921,2014-11-05,East,Home Office,719
DF-13135,2014-10-04,2016-01-30,3,2390.534,-259.3097,-0.108473546078,2015-12-26,West,Consumer,700
DG-13300,2014-11-01,2017-11-28,5,3195.818,562.7761,0.176097668891,2015-07-03,East,Corporate,32
DH-13075,2014-11-21,2017-03-28,6,4932.872,1193.7404,0.241997035398,2015-03-01,South,Corporate,277
DH-13675,2014-08-12,2015-11-15,4,1043.096,116.667,0.111846848229,2014-11-28,South,Home Office,776
DJ-13420,2014-12-08,2016-04-02,4,2012.52,483.035,0.240015006062,2015-10-04,West,Corporate,637
DJ-13510,2014-08-17,2017-11-12,8,2501.688,345.2521,0.13800765723,2016-08-26,South,Corporate,48
DJ-13630,2015-12-14,2017-12-18,3,3356.398,731.5644,0.217961159553,2016-11-19,West,Consumer,12
DK-12835,2014-03-26,2017-12-09,12,3256.48,881.1228,0.270575222326,2014-11-23,West,Corporate,21
DK-12895,2015-03-08,2017-11-15,5,4282.176,937.6496,0.218965684736,2015-09-25,Central,Consumer,45
DK-12985,2014-11-24,2017-12-23,5,1687.04,-107.3538,-0.0636344129363,2015-08-02,Central,Consumer,7
DK-13090,2015-03-02,2017-11-18,7,2650.557,536.3935,0.202370105604,2015-10-09,West,Consumer,42
DK-13150,2014-12-05,2017-12-20,2,797.832,249.9447,0.31327986343,2017-12-20,Central,Corporate,10
DK-13225,2014-03-14,2017-12-20,9,4802.394,209.8994,0.0437072426794,2015-11-15,West,Corporate,10
DK-13375,2014-09-07,2017-12-11,8,3318.486,377.0799,0.113630101197,2015-12-06,East,Consumer,19
DL-12865,2014-06-29,2017-09-21,8,1503.112,322.2449,0.214385155597,2014-10-15,East,Consumer,100
DL-12925,2014-09-09,2017-11-03,6,3272.2,4.2132,0.00128757410916,2014-11-01,South,Consumer,57
DL-13315,2014-01-16,2017-12-08,8,1458.258,288.8732,0.198094713007,2014-02-06,East,Consumer,22
DL-13330,2014-06-23,2017-11-03,4,585.02,222.6812,0.380638610646,2015-11-21,South,Consumer,57
DL-13495,2015-12-25,2017-10-15,8,3539.322,-52.788,-0.014914720955,2016-01-17,Central,Corporate,76
DM-12955,2014-09-30,2017-09-07,7,1322.034,108.7583,0.0822658872616,2014-12-09,East,Corporate,114
DM-13015,2014-09-14,2017-11-03,7,6345.103,1677.3931,0.26436026334,2015-07-08,East,Consumer,57
DM-13345,2014-11-03,2017-12-08,8,4074.472,1319.0586,0.323737308785,2014-11-12,East,Corporate,22
DM-13525,2014-07-05,2016-09-05,3,1376.792,199.7688,0.145097298648,2015-09-11,South,Corporate,481
DN-13690,2014-09-20,2017-05-27,7,2139.79,540.5405,0.252613807897,2014-10-08,East,Consumer,217
DO-13435,2014-10-03,2017-08-19,9,1300.0315,-38.9086,-0.0299289671058,2015-03-29,East,Consumer,133
DO-13645,2015-11-07,2017-12-04,7,1267.316,294.0676,0.232039680711,2017-08-19,Central,Consumer,26
DP-13000,2014-01-03,2017-08-26,9,1050.636,241.4524,0.229815464157,2014-11-12,Central,Consumer,126
DP-13105,2015-08-22,2017-12-24,8,2215.002,563.1761,0.254255346045,2016-06-20,East,Corporate,6
DP-13165,2014-12-02,2015-10-10,2,1058.616,-40.9376,-0.0386708683791,2015-10-10,East,Consumer,812
DP-13390,2014-07-05,2017-01-06,9,5480.724,1571.8318,0.286792730304,2014-09-08,West,Home Office,358
DR-12880,2015-09-25,2017-12-27,9,6528.034,1641.8613,0.251509305865,2015-11-28,East,Corporate,3
DR-12940,2014-03-28,2017-11-10,8,8350.868,2869.076,0.343566201741,2015-03-30,West,Home Office,50
DS-13030,2014-07-09,2017-09-28,4,1762.213,193.3319,0.109709722945,2017-01-21,West,Home Office,93
DS-13180,2014-04-28,2017-12-07,9,2881.8128,163.6993,0.056804279584,2015-08-09,East,Corporate,23
DV-13045,2016-06-12,2017-12-11,5,1119.483,-427.184,-0.381590430583,2016-09-23,West,Corporate,19
DV-13465,2014-06-22,2017-12-01,6,3341.587,353.2127,0.105702081077,2015-05-17,Central,Consumer,29
DW-13195,2014-01-18,2017-10-22,6,1080.751,-86.8738,-0.0803828078808,2014-07-05,West,Corporate,69
DW-13480,2014-06-01,2017-05-27,5,5271.628,1348.7556,0.255851816555,2016-01-07,Central,Home Office,217
DW-13540,2016-02-27,2017-09-23,5,344.08,69.6672,0.202473843292,2016-04-01,Central,Consumer,98
DW-13585,2014-08-24,2017-05-02,7,1204.854,-266.8966,-0.221517793857,2015-06-28,South,Corporate,242
Dl-13600,2014-03-30,2017-09-02,5,755.602,175.2388,0.231919449657,2014-07-01,West,Corporate,119
Dp-13240,2014-05-26,2017-10-07,11,7198.761,333.3648,0.046308635611,2014-10-11,West,Home Office,84
EA-14035,2014-09-13,2017-07-31,13,2846.705,-52.7406,-0.0185268933732,2014-11-01,South,Corporate,152
EB-13705,2014-07-08,2017-11-12,9,3644.978,13.6215,0.00373705959268,2014-12-15,West,Corporate,48
EB-13750,2015-03-12,2017-11-25,10,3236.314,-80.286,-0.0248078523901,2015-06-05,South,Corporate,35
EB-13840,2014-05-30,2017-10-01,5,4358.128,656.1988,0.150568959884,2014-12-13,South,Corporate,90
EB-13870,2014-05-05,2017-09-21,10,2767.219,261.5315,0.0945105898738,2014-11-08,Central,Consumer,100
EB-13930,2014-02-02,2017-07-22,5,944.6,0.6042,0.000639635824688,2016-02-27,South,Consumer,161
EB-13975,2016-01-04,2017-12-30,4,1643.255,162.8781,0.0991191872229,2016-02-07,South,Corporate,0
EB-14110,2015-04-13,2017-09-08,6,3071.126,184.7656,0.0601621685336,2015-11-12,West,Consumer,113
EB-14170,2014-09-29,2017-10-09,6,1186.326,282.1701,0.237852074388,2014-10-17,West,Consumer,82
EC-14050,2014-12-17,2017-11-07,5,461.914,96.4256,0.208752278563,2016-12-12,East,Consumer,53
ED-13885,2014-08-09,2017-08-17,8,3484.92,670.4435,0.192384186725,2014-11-23,West,Home Office,135
EG-13900,2015-11-02,2017-12-08,5,1832.02,104.2656,0.0569129157979,2016-12-03,South,Consumer,22
EH-13765,2014-04-12,2017-08-17,12,10310.88,1393.5154,0.135149996896,2014-10-18,West,Corporate,135
EH-13945,2014-07-02,2017-05-27,8,684.171,53.5398,0.0782549976541,2015-07-10,East,Consumer,217
EH-13990,2014-01-15,2016-11-20,6,825.95,150.3759,0.182064168533,2014-05-23,South,Consumer,405
EH-14005,2014-05-13,2017-12-28,7,1219.53,-94.1408,-0.0771943289628,2014-12-07,South,Home Office,2
EH-14125,2014-10-19,2017-07-31,10,3082.653,96.2702,0.0312296583495,2015-04-10,West,Home Office,152
EH-14185,2014-05-22,2017-09-16,6,923.884,242.1107,0.262057466089,2014-10-25,South,Consumer,105
EJ-13720,2014-01-27,2017-03-03,4,2162.174,387.0176,0.178994660004,2014-12-16,West,Consumer,302
EJ-14155,2014-03-03,2017-11-03,5,2656.691,451.8755,0.170089596419,2016-12-01,West,Consumer,57
EK-13795,2014-03-18,2017-11-16,4,1303.478,97.1066,0.0744980736154,2015-11-29,West,Home Office,44
EL-13735,2016-04-22,2017-10-14,2,124.28,27.1154,0.218179916318,2017-10-14,Central,Home Office,77
EM-13810,2015-06-07,2017-08-20,5,2567.01,-133.8275,-0.0521336106988,2015-07-16,West,Corporate,132
EM-13825,2014-12-02,2017-11-05,8,2339.598,682.5542,0.291739948487,2015-01-26,South,Corporate,55
EM-13960,2015-10-01,2017-08-01,5,933.704,102.296,0.109559346431,2015-10-01,Central,Consumer,151
EM-14065,2014-07-22,2017-11-13,4,228.99,40.1546,0.175355255688,2016-08-13,East,Consumer,47
EM-14095,2015-08-07,2017-09-08,4,1041.042,240.2362,0.230765137237,2015-11-21,South,Corporate,113
EM-14140,2014-07-19,2017-11-12,6,4588.436,1319.3655,0.287541441136,2015-03-07,West,Home Office,48
EM-14200,2015-12-20,2017-07-25,3,366.822,21.7721,0.0593533103249,2017-03-26,South,Home Office,158
EN-13780,2015-05-30,2017-03-18,4,2199.366,496.1131,0.225570959995,2016-06-04,East,Consumer,287
EP-13915,2014-07-06,2017-12-18,17,5478.0608,144.9578,0.0264615171851,2015-03-14,East,Consumer,12
ER-13855,2015-12-21,2016-11-04,3,1245.788,-295.7398,-0.237391755259,2016-09-06,West,Corporate,421
ES-14020,2014-09-20,2017-11-20,5,3510.458,1003.2935,0.285801311396,2015-04-20,West,Consumer,40
ES-14080,2014-10-02,2017-12-02,9,4657.924,246.6661,0.052956231145,2015-02-27,West,Corporate,28
FA-14230,2014-09-19,2017-09-24,7,2984.054,520.5229,0.174434812507,2015-02-09,West,Corporate,97
FC-14245,2015-06-13,2017-10-21,7,3418.742,1217.1662,0.356027509534,2015-09-19,East,Home Office,70
FC-14335,2014-10-10,2017-06-29,7,3889.366,714.2926,0.183652708436,2015-03-08,West,Corporate,184
FG-14260,2014-05-21,2017-11-26,7,1383.144,394.7397,0.285393061026,2014-11-17,East,Home Office,34
FH-14275,2014-04-06,2017-11-23,10,4256.272,1073.2676,0.252161422014,2014-10-21,West,Corporate,37
FH-14350,2015-08-23,2017-06-01,4,2271.284,706.289,0.310964634982,2015-12-28,South,Consumer,212
FH-14365,2014-10-20,2017-12-25,8,6987.196,2050.2826,0.293434247443,2015-03-19,South,Corporate,5
FM-14215,2014-03-11,2017-12-23,10,2456.638,249.6808,0.10163516155,2014-06-13,South,Corporate,7
FM-14290,2014-08-26,2017-11-24,9,3736.198,198.1095,0.0530243579168,2015-04-07,West,Home Office,36
FM-14380,2015-07-12,2017-08-07,9,2523.266,191.4898,0.0758896604639,2015-10-09,Central,Consumer,145
FO-14305,2014-06-09,2017-11-22,10,2678.438,215.5969,0.0804935189838,2015-02-03,South,Consumer,38
FP-14320,2014-12-07,2017-12-07,8,4046.746,406.4473,0.100438055663,2014-12-09,West,Consumer,23
FW-14395,2015-03-22,2017-01-02,3,79.75,23.4913,0.294561755486,2016-09-05,South,Corporate,362
GA-14515,2014-05-18,2017-08-03,8,3919.776,840.899,0.214527309724,2014-11-06,Central,Consumer,149
GA-14725,2014-02-11,2017-12-25,11,1398.382,136.7079,0.097761484344,2014-03-30,Central,Consumer,5
GB-14530,2014-04-28,2017-10-29,11,1568.44,7.8371,0.00499674836143,2015-09-11,East,Corporate,62
GB-14575,2015-06-12,2017-12-17,5,4716.288,1135.8393,0.240833320611,2015-09-21,East,Consumer,13
GD-14590,2014-05-05,2017-12-25,4,1888.07,230.9373,0.122313950224,2016-09-11,South,Corporate,5
GG-14650,2014-10-31,2017-11-17,9,2224,12.6985,0.00570975719424,2015-04-05,West,Corporate,43
GH-14410,2014-07-09,2017-10-16,9,2819.467,-576.8335,-0.204589555402,2014-08-03,West,Home Office,75
GH-14425,2014-06-17,2017-11-10,4,4172.846,1176.4181,0.281922242038,2015-12-06,West,Consumer,50
GH-14485,2015-10-08,2016-12-08,2,1361.244,-95.4498,-0.070119537717,2016-12-08,Central,Corporate,387
GH-14665,2015-11-17,2017-12-28,2,146.9408,-5.8102,-0.0395410941005,2017-12-28,Central,Consumer,2
GK-14620,2014-06-25,2017-09-09,9,6497.27,1448.5525,0.222947868874,2014-07-13,West,Corporate,112
GM-14440,2014-03-21,2017-10-08,7,3582.82,347.266,0.0969253269771,2014-12-21,South,Consumer,83
GM-14455,2014-04-11,2017-12-14,6,3078.624,793.2814,0.257674012806,2014-12-31,Central,Home Office,16
GM-14500,2014-08-09,2017-09-15,10,1255.682,441.3185,0.351457216079,2015-03-26,West,Consumer,106
GM-14680,2014-05-10,2017-07-31,6,3163.628,35.4865,0.0112170267806,2014-08-11,West,Consumer,152
GM-14695,2014-04-05,2017-09-04,3,6049.966,188.7235,0.0311941422481,2016-09-20,South,Corporate,117
GP-14740,2014-04-06,2015-11-26,2,236.53,31.8376,0.134602798799,2015-11-26,East,Corporate,765
GR-14560,2014-11-19,2014-11-21,2,1284.38,359.8332,0.280161011539,2014-11-21,East,Corporate,1135
GT-14635,2014-06-06,2017-11-04,3,9351.212,-4108.6589,-0.439371805494,2015-11-05,East,Corporate,56
GT-14710,2014-05-23,2017-11-24,11,11820.12,2163.4269,0.183029182445,2014-11-17,East,Consumer,36
GT-14755,2015-02-18,2017-11-26,4,226.436,-6.1392,-0.0271122966313,2016-07-03,West,Consumer,34
GW-14605,2014-03-01,2017-12-02,7,2189.019,-268.5423,-0.122677007372,2014-07-27,Central,Consumer,28
GZ-14470,2014-08-05,2017-12-23,9,4355.15,1087.7539,0.249762671779,2014-09-08,Central,Consumer,7
GZ-14545,2014-09-28,2017-07-26,4,2454.622,828.661,0.337592101757,2017-03-19,East,Corporate,157
HA-14905,2014-06-30,2017-10-22,7,2163.3,270.8574,0.125205658022,2015-11-08,East,Consumer,69
HA-14920,2014-10-11,2017-12-10,8,2584.158,99.1445,0.038366268626,2015-07-26,West,Consumer,20
HD-14785,2014-05-11,2015-11-22,3,251.36,-135.876,-0.540563335455,2015-06-07,Central,Home Office,769
HE-14800,2016-01-30,2017-12-18,4,883.532,274.4028,0.310574829208,2016-12-05,Central,Corporate,12
HF-14995,2014-05-26,2017-12-09,7,2533.164,-13.8768,-0.00547805037495,2014-09-21,West,Consumer,21
HG-14845,2014-04-29,2017-11-06,5,785.628,147.0032,0.187115530506,2015-09-13,South,Consumer,54
HG-14965,2014-09-20,2017-12-07,12,3247.642,-2797.9635,-0.861536924328,2014-09-26,West,Corporate,23
HG-15025,2014-10-14,2017-12-24,7,3690.284,804.6113,0.2180350618,2015-05-14,Central,Consumer,6
HH-15010,2014-08-29,2017-10-19,2,218.668,86.7342,0.396647886293,2017-10-19,West,Corporate,72
HJ-14875,2015-04-13,2017-08-26,5,358.1,98.6548,0.275495113097,2016-09-20,West,Home Office,126
HK-14890,2014-06-10,2017-08-01,8,4877.784,956.9451,0.196184394389,2015-10-25,Central,Corporate,151
HL-15040,2014-01-20,2017-11-17,6,12873.298,5622.4292,0.43675126607,2014-05-12,South,Consumer,43
HM-14860,2014-07-21,2017-12-28,10,8236.7648,2437.9836,0.29598800733,2015-12-04,Central,Corporate,2
HM-14980,2015-10-02,2017-04-27,4,736.276,117.2755,0.159281981214,2016-09-18,West,Consumer,247
HP-14815,2014-05-06,2017-11-30,7,1990.314,373.8637,0.187841566708,2014-11-24,West,Home Office,30
HR-14770,2014-03-01,2017-12-17,5,1299.288,185.5794,0.142831612391,2015-08-09,East,Home Office,13
HR-14830,2014-11-24,2017-07-24,7,5248.787,1196.9504,0.228043241229,2015-03-17,West,Corporate,159
HW-14935,2015-09-27,2017-09-04,8,9300.254,2164.1611,0.232699139185,2016-08-18,Central,Corporate,117
HZ-14950,2016-03-14,2017-11-25,5,886.52,-130.3879,-0.147078351306,2017-05-29,East,Consumer,35
IG-15085,2014-10-18,2017-10-20,4,744.574,320.4982,0.43044505986,2015-04-09,West,Consumer,71
IL-15100,2014-08-01,2017-08-10,7,5040.736,1121.937,0.222574044743,2015-02-06,West,Consumer,142
IM-15055,2014-01-23,2016-11-16,3,2872.63,975.7701,0.339678308728,2016-09-04,West,Consumer,409
IM-15070,2014-12-19,2016-12-05,7,4930.474,514.6527,0.104381992482,2015-07-04,South,Consumer,390
JA-15970,2014-09-17,2017-09-29,8,6491.026,-819.4217,-0.126239164656,2014-11-12,West,Consumer,92
JB-15400,2014-09-14,2017-12-23,10,1791.605,156.0532,0.0871024584102,2015-05-01,Central,Corporate,7
JB-15925,2014-12-05,2015-12-24,3,900.552,-286.9808,-0.318672103332,2015-12-12,West,Consumer,737
JB-16000,2016-01-10,2017-11-17,7,644.1188,126.7649,0.196803602068,2016-06-10,West,Consumer,43
JB-16045,2015-05-03,2017-12-23,5,2518.115,201.5185,0.0800275205858,2016-03-06,West,Home Office,7
JC-15340,2014-01-28,2017-09-07,4,71.263,-0.3556,-0.00498996674291,2016-09-05,East,Consumer,114
JC-15385,2017-07-08,2017-07-08,1,1058.108,502.9244,0.475305356353,,West,Consumer,175
JC-15775,2014-09-14,2017-07-25,9,2772.055,279.5692,0.100852688709,2014-12-21,South,Consumer,158
JC-16105,2014-11-18,2017-11-03,5,858.576,201.5952,0.234801811371,2014-12-24,Central,Corporate,57
JD-15790,2015-04-02,2017-09-04,5,2152.352,-266.5525,-0.123842429119,2015-10-10,West,Consumer,117
JD-15895,2014-03-26,2016-12-01,11,7610.864,1050.2668,0.137995738723,2014-04-13,West,Corporate,394
JD-16015,2014-10-04,2017-09-09,6,385.43,26.7605,0.0694302467374,2014-10-06,West,Consumer,112
JD-16060,2014-09-24,2017-03-05,3,695.442,111.1141,0.159774790709,2015-03-23,West,Consumer,300
JD-16150,2014-11-16,2017-11-19,8,8828.0305,1619.5199,0.183452005518,2015-03-22,West,Corporate,41
JE-15475,2015-03-16,2017-06-20,6,1388.682,276.2197,0.198907813308,2015-11-27,West,Consumer,193
JE-15610,2014-10-14,2017-11-12,7,7754.976,1623.4019,0.209336805169,2015-06-11,East,Corporate,48
JE-15715,2014-08-25,2017-11-14,10,8697.843,1262.2926,0.145127084957,2015-02-21,Central,Consumer,46
JE-15745,2014-06-22,2017-11-09,13,6760.815,221.7967,0.0328062075356,2014-11-26,West,Consumer,51
JE-16165,2016-12-05,2017-12-10,3,2697.248,789.6476,0.292760472897,2017-10-20,Central,Corporate,20
JF-15190,2014-11-15,2017-10-26,7,2279.586,575.1259,0.252294013036,2015-09-24,South,Consumer,65
JF-15295,2014-03-14,2017-05-19,5,955.124,97.289,0.101860072619,2016-04-12,West,Consumer,225
JF-15355,2015-10-23,2017-09-16,6,1911.844,330.199,0.172712313348,2016-07-01,West,Consumer,105
JF-15415,2014-06-17,2017-12-28,6,2371.448,635.6376,0.268037755835,2014-08-22,Central,Consumer,2
JF-15490,2014-10-19,2017-08-31,11,1082.918,-18.0673,-0.0166839040444,2014-12-27,West,Consumer,121
JF-15565,2014-10-11,2017-11-06,8,4198.332,1073.2088,0.255627425368,2015-02-09,East,Consumer,54
JG-15115,2014-09-21,2015-12-03,3,2358.676,684.1911,0.290074219605,2014-10-08,West,Consumer,758
JG-15160,2014-05-30,2017-12-29,11,6366.392,1415.6664,0.222365572211,2014-06-21,East,Consumer,1
JG-15310,2016-03-03,2017-12-28,6,2240.58,3.7976,0.00169491828009,2016-05-30,Central,Corporate,2
JG-15805,2014-04-05,2017-05-21,6,1507.018,206.1019,0.136761405637,2014-10-07,Central,Corporate,223
JH-15430,2014-02-24,2017-12-25,4,309.281,-24.0771,-0.0778486230968,2017-11-19,West,Consumer,5
JH-15820,2014-05-19,2017-07-09,6,528.91,26.0822,0.0493131156529,2015-03-28,Central,Consumer,174
JH-15910,2015-06-12,2017-11-19,7,959.477,-13.5545,-0.0141269670873,2015-09-13,South,Consumer,41
JH-15985,2014-08-09,2017-12-01,6,7954.998,-644.6982,-0.081043163053,2015-01-28,West,Consumer,29
JH-16180,2015-05-25,2016-11-21,4,2256.394,-96.953,-0.0429681163839,2015-11-01,West,Consumer,404
JJ-15445,2015-03-05,2016-09-03,5,709.178,200.5558,0.282800368878,2015-06-13,Central,Consumer,483
JJ-15760,2015-10-05,2015-12-08,2,195,34.4492,0.176662564103,2015-12-08,South,Home Office,753
JK-15205,2014-07-11,2017-10-30,5,4427.142,1219.983,0.275568978813,2015-09-27,East,Consumer,61
JK-15325,2014-11-21,2017-03-18,3,383.812,55.3277,0.144153127052,2016-01-31,Central,Corporate,287
JK-15370,2014-04-11,2017-11-16,8,2709.632,330.2838,0.12189249315,2015-04-09,South,Consumer,44
JK-15625,2014-05-31,2017-10-30,7,3760.028,750.9485,0.199718858477,2014-06-29,South,Consumer,61
JK-15640,2014-09-19,2017-07-03,9,4760.434,1172.5303,0.246307437515,2014-09-23,West,Home Office,180
JK-15730,2014-11-18,2017-10-07,10,4867.2,55.0483,0.0113100550625,2014-12-01,Central,Consumer,84
JK-16090,2015-04-21,2017-12-02,3,3747.668,586.6625,0.156540680765,2017-10-02,South,Consumer,28
JK-16120,2014-11-02,2017-09-04,10,2932.484,122.6566,0.0418268607774,2015-08-10,South,Home Office,117
JL-15130,2014-07-18,2017-12-22,6,1214.956,-207.7956,-0.171031378914,2014-09-01,East,Consumer,8
JL-15175,2014-12-31,2017-12-24,5,1571.523,209.2817,0.133171261254,2015-01-05,West,Home Office,6
JL-15235,2014-05-25,2017-09-02,5,2203.7,54.5174,0.0247390298135,2015-11-30,Central,Consumer,119
JL-15505,2014-11-14,2017-11-11,6,3173.874,591.7163,0.186433456401,2014-11-30,Central,Consumer,49
JL-15835,2014-04-18,2017-12-09,11,9799.923,228.907,0.0233580406703,2014-07-07,West,Consumer,21
JL-15850,2014-07-22,2016-04-25,6,2725.256,779.9046,0.286176638085,2015-03-06,Central,Consumer,614
JM-15250,2016-03-29,2017-11-23,6,3159.122,19.8235,0.00627500299134,2017-01-01,East,Consumer,37
JM-15265,2014-08-25,2017-11-23,5,1804.146,502.6143,0.278588484524,2015-05-31,West,Corporate,37
JM-15535,2014-09-13,2017-09-19,7,1733.443,356.5395,0.205682851989,2015-04-17,East,Consumer,102
JM-15580,2016-04-14,2017-12-30,5,303.948,113.1204,0.372170239646,2016-05-12,East,Consumer,0
JM-15655,2014-04-08,2017-12-22,5,864.947,117.204,0.13550425633,2016-10-29,West,Corporate,8
JM-15865,2014-11-19,2017-09-12,7,7625.076,1574.6164,0.206505010573,2015-08-16,East,Consumer,109
JM-16195,2014-04-30,2017-11-03,10,2833.926,754.1144,0.266102361177,2014-09-02,South,Consumer,57
JO-15145,2014-01-06,2017-11-03,9,3254.949,581.4045,0.17862169269,2014-07-26,South,Corporate,57
JO-15280,2014-03-31,2017-09-29,6,1934.272,202.1362,0.104502469146,2014-12-15,East,Consumer,92
JO-15550,2015-03-19,2017-05-29,5,1090.838,167.6709,0.15370834166,2015-05-14,West,Home Office,215
JP-15460,2014-08-24,2017-11-23,7,1669.135,429.7465,0.257466591977,2015-10-02,East,Corporate,37
JP-15520,2014-08-22,2017-12-22,7,3635.594,757.1802,0.208268635057,2014-11-09,South,Consumer,8
JP-16135,2014-09-23,2017-09-19,9,1707.71,309.7116,0.181360769686,2015-07-04,East,Home Office,102
JR-15670,2015-12-24,2016-05-16,2,1156.658,-785.1645,-0.678821656877,2016-05-16,West,Consumer,593
JR-15700,2017-10-23,2017-10-23,1,863.88,107.985,0.125,,South,Consumer,68
JR-16210,2015-09-18,2017-11-27,5,2201.686,452.373,0.205466628756,2016-02-09,South,Corporate,33
JS-15595,2014-03-03,2017-09-02,4,1417.654,-175.549,-0.123830638506,2015-04-25,East,Corporate,119
JS-15685,2016-06-14,2017-11-18,4,1131.064,-54.8692,-0.0485111364167,2016-09-17,East,Corporate,42
JS-15880,2014-04-08,2016-07-14,5,3868.02,564.9798,0.146064342997,2015-12-21,East,Consumer,534
JS-15940,2014-05-03,2016-09-23,5,469.169,-327.9336,-0.69896689679,2014-09-21,Central,Home Office,463
JS-16030,2014-02-27,2017-12-02,6,2516.494,-311.2575,-0.123686962894,2016-07-19,East,Consumer,28
JW-15220,2015-04-30,2017-11-18,6,7721.714,2173.7094,0.281506074947,2016-09-18,East,Corporate,42
JW-15955,2015-08-16,2017-12-25,7,1244.086,-29.5759,-0.0237731957437,2016-12-27,East,Consumer,5
JW-16075,2015-03-21,2016-09-25,4,1428.731,154.0637,0.107832545105,2015-12-10,South,Consumer,461
KA-16525,2014-03-11,2017-11-24,7,1519.506,234.9194,0.154602482649,2015-02-20,East,Consumer,36
KB-16240,2014-03-31,2017-12-26,7,3152.615,763.9076,0.242309194113,2015-11-07,South,Corporate,4
KB-16315,2014-08-26,2017-03-09,9,1569.464,49.7193,0.0316791592544,2014-12-27,East,Consumer,296
KB-16405,2015-11-20,2017-09-04,3,908.821,274.297,0.301816309262,2017-09-03,West,Home Office,117
KB-16585,2014-04-04,2017-05-14,12,2744.742,579.3551,0.211078163266,2014-08-17,South,Corporate,230
KB-16600,2014-12-30,2017-12-29,7,983.922,293.5524,0.298349259393,2015-12-09,Central,Corporate,1
KC-16255,2014-09-08,2016-11-18,6,2120.954,846.1217,0.398934488914,2015-07-18,South,Corporate,407
KC-16540,2015-11-02,2017-09-24,4,3908.262,709.4219,0.181518511297,2016-09-11,West,Consumer,97
KC-16675,2014-12-13,2017-11-03,4,1146.05,156.7797,0.136800052354,2016-05-28,South,Corporate,57
KD-16270,2014-11-11,2016-09-02,5,8282.358,1107.6952,0.133741526266,2015-12-12,Central,Consumer,484
KD-16345,2014-09-02,2017-11-19,6,1888.964,328.5942,0.173954718036,2014-12-13,East,Consumer,41
KD-16495,2014-09-28,2017-09-09,12,8181.256,3038.6254,0.371413069094,2015-11-08,South,Corporate,112
KD-16615,2015-09-13,2017-03-16,5,2243.51,539.7219,0.240570311699,2016-04-30,West,Corporate,289
KE-16420,2014-04-03,2017-12-04,8,1686.7312,397.8799,0.235888148627,2014-06-08,West,Corporate,26
KF-16285,2014-09-26,2017-09-24,7,10604.266,1660.1386,0.156553843519,2016-03-10,West,Home Office,97
KH-16330,2014-04-01,2017-11-20,8,3312.864,454.7871,0.137279133704,2014-05-05,East,Corporate,40
KH-16360,2014-04-29,2017-12-29,6,3100.612,528.2051,0.170355110539,2014-05-21,East,Consumer,1
KH-16510,2014-08-15,2017-12-08,7,5952.859,656.1162,0.110218669718,2014-10-05,Central,Consumer,22
KH-16630,2014-11-01,2017-11-02,9,3918.966,727.3786,0.185604723287,2015-02-03,South,Corporate,58
KH-16690,2014-03-21,2017-12-28,7,5990.799,1227.5091,0.204899062713,2015-05-23,South,Corporate,2
KL-16555,2014-06-15,2017-12-14,8,5016.488,-182.7813,-0.0364361082893,2014-12-26,Central,Corporate,16
KL-16645,2014-07-25,2017-11-13,12,14175.229,806.855,0.0569200680991,2014-08-11,West,Consumer,47
KM-16225,2015-07-06,2017-12-16,6,2260.958,635.1057,0.280901148982,2015-12-10,East,Corporate,14
KM-16375,2014-07-20,2017-11-04,8,5620.186,973.7902,0.173266543136,2014-12-31,Central,Home Office,56
KM-16660,2014-12-22,2017-12-15,5,453.538,91.1391,0.200951408702,2015-12-10,West,Consumer,15
KM-16720,2014-03-30,2017-12-02,8,4909.472,745.7685,0.151904013303,2014-04-01,East,Consumer,28
KN-16390,2014-12-02,2017-12-11,9,2617.272,-151.1518,-0.0577516589793,2015-03-05,East,Corporate,19
KN-16450,2014-04-12,2017-11-08,5,2171.962,114.3083,0.0526290515212,2014-12-16,West,Corporate,52
KN-16705,2014-03-02,2017-09-23,8,2280.58,329.7625,0.144595892273,2014-03-16,East,Home Office,98
KS-16300,2015-01-13,2017-03-10,3,88.472,0.111,0.00125463423456,2015-03-15,South,Corporate,295
KT-16465,2014-09-08,2016-12-04,7,3057.1,254.0032,0.0830863236401,2014-09-17,Central,Consumer,391
KT-16480,2014-03-10,2017-09-21,10,4642.0884,194.0671,0.0418059897351,2014-05-08,West,Consumer,100
KW-16435,2015-08-24,2017-09-25,5,4416.52,1756.135,0.397628675971,2015-12-06,South,Consumer,96
KW-16570,2014-09-30,2015-11-20,4,449.096,107.927,0.240320555071,2015-04-18,South,Consumer,771
LA-16780,2014-04-29,2017-07-29,11,8673.222,2059.1199,0.237411183526,2014-07-11,South,Corporate,154
LB-16735,2016-07-25,2017-11-12,3,50.188,18.6507,0.371616721129,2017-04-26,West,Consumer,48
LB-16795,2014-04-23,2017-07-31,8,4985.676,-52.191,-0.0104681892686,2016-09-01,East,Home Office,152
LC-16870,2015-05-03,2017-12-03,8,2580.704,-188.2511,-0.0729456380895,2015-11-13,West,Consumer,27
LC-16885,2014-04-25,2017-12-14,12,7663.126,1288.3469,0.168122891363,2014-05-27,South,Consumer,16
LC-16930,2014-02-20,2017-11-19,8,4492.946,288.266,0.0641596849817,2016-05-21,Central,Corporate,41
LC-16960,2015-02-23,2016-10-20,4,3246.626,299.4802,0.0922435168079,2015-12-01,East,Home Office,436
LC-17050,2014-01-31,2017-11-06,5,2095.064,86.778,0.0414202143705,2014-11-02,West,Consumer,54
LC-17140,2014-09-09,2017-12-17,9,2633.582,231.1252,0.0877607760077,2015-12-01,East,Consumer,13
LD-16855,2016-06-26,2016-06-26,1,5.304,0.4641,0.0875,,Central,Corporate,552
LD-17005,2014-09-29,2016-11-11,4,1961.934,557.1714,0.283990898776,2016-05-23,East,Consumer,414
LE-16810,2014-05-27,2017-12-09,6,1469.45,161.7649,0.110085338052,2014-12-16,Central,Consumer,21
LF-17185,2014-07-26,2017-12-08,7,3930.509,-3583.977,-0.911835337357,2014-12-06,Central,Consumer,22
LH-16750,2014-09-21,2017-08-01,3,287.426,12.6277,0.043933742946,2017-04-25,East,Consumer,151
LH-16900,2014-08-19,2017-12-09,9,2295.332,526.0727,0.229192421837,2014-09-01,South,Consumer,21
LH-17020,2014-09-08,2017-05-05,4,318.239,-242.7399,-0.762759749748,2015-02-08,Central,Consumer,239
LH-17155,2014-12-12,2016-12-10,9,1739.689,316.5202,0.181940680202,2015-06-19,West,Consumer,385
LL-16840,2014-04-29,2017-04-25,6,2741.204,560.0078,0.204292639293,2014-08-12,East,Consumer,249
LM-17065,2014-06-27,2016-12-04,5,1346.774,-44.878,-0.0333225916152,2015-02-20,South,Consumer,391
LO-17170,2015-02-06,2017-12-28,5,644.35,150.1712,0.233058430977,2015-09-06,South,Corporate,2
LP-17080,2014-06-24,2017-11-20,4,756.606,110.7813,0.146418743705,2016-11-11,West,Consumer,40
LP-17095,2016-06-06,2017-12-21,7,3653.399,338.4454,0.0926384991073,2016-09-08,East,Consumer,9
LR-16915,2014-08-08,2017-12-04,6,5142.892,535.4764,0.104119705411,2015-11-30,West,Consumer,26
LR-17035,2014-09-07,2017-08-20,5,1879.306,-382.8079,-0.20369641772,2015-09-07,West,Corporate,132
LS-16945,2015-04-25,2017-07-05,6,2845.27,-318.7737,-0.112036362103,2016-07-18,West,Corporate,178
LS-16975,2014-10-20,2017-12-10,9,2988.674,262.6367,0.0878773328908,2014-11-26,Central,Home Office,20
LS-17200,2014-10-18,2017-09-25,6,1010.256,244.197,0.241717940799,2014-11-26,South,Corporate,96
LS-17230,2014-01-06,2015-11-14,3,368.88,39.1952,0.106254608545,2015-06-16,West,Consumer,777
LS-17245,2014-10-16,2017-11-26,6,1008.136,348.3584,0.345547029369,2014-11-26,West,Consumer,34
LT-16765,2014-09-01,2017-12-04,3,329.876,59.036,0.178964216857,2015-05-12,West,Consumer,26
LT-17110,2014-06-01,2017-11-26,8,2936.252,320.973,0.109313846359,2015-10-22,South,Consumer,34
LW-16825,2014-05-30,2017-10-03,5,2238.061,32.5767,0.0145557694808,2014-07-01,East,Corporate,88
LW-16990,2016-05-05,2017-11-27,6,3230.308,662.8339,0.205192167434,2017-03-09,West,Corporate,33
LW-17125,2014-09-11,2017-06-08,3,1259.04,192.6312,0.152998475029,2016-11-05,West,Consumer,205
LW-17215,2014-09-12,2017-12-09,7,5420.514,837.2411,0.154457879825,2016-05-17,East,Consumer,21
MA-17560,2014-08-08,2017-10-27,11,4299.161,1240.2266,0.288481078052,2014-09-21,Central,Home Office,64
MA-17995,2014-09-20,2017-06-27,6,2453.284,280.7822,0.114451567776,2014-10-13,West,Home Office,186
MB-17305,2014-08-08,2017-11-12,10,1548.702,212.425,0.137163250257,2015-09-24,West,Consumer,48
MB-18085,2014-01-05,2017-11-16,7,1428.231,117.8057,0.0824836458528,2016-03-11,East,Consumer,44
MC-17275,2014-09-08,2017-10-15,8,2725.982,461.0014,0.16911388263,2015-03-13,West,Consumer,76
MC-17425,2014-05-30,2016-11-26,5,4432.138,1802.3903,0.406663849366,2015-11-28,Central,Corporate,399
MC-17575,2014-12-02,2017-12-03,8,1303.893,210.7493,0.161630824002,2015-07-09,Central,Consumer,27
MC-17590,2014-05-20,2017-11-09,6,2426.067,288.9841,0.119116289863,2014-11-25,Central,Corporate,51
MC-17605,2014-03-19,2017-09-09,8,2258.192,195.4486,0.0865509221537,2014-12-01,South,Corporate,112
MC-17635,2014-11-28,2017-06-24,4,795.154,-247.9435,-0.31181821383,2014-12-03,Central,Corporate,189
MC-17845,2014-07-05,2017-12-29,7,3805.714,698.4174,0.183518099363,2014-12-20,South,Consumer,1
MC-18100,2014-06-18,2017-11-19,10,2218.98,-64.1668,-0.0289172502681,2014-12-15,West,Consumer,41
MC-18130,2014-09-19,2016-12-26,5,1581.998,121.7565,0.0769637509023,2015-03-19,West,Corporate,369
MD-17350,2014-11-05,2017-09-04,7,3766.382,-241.95,-0.0642393681788,2014-12-28,East,Consumer,117
MD-17860,2014-12-02,2017-11-24,5,1204.91,-4.0403,-0.0033531965043,2017-05-28,Central,Corporate,36
ME-17320,2014-01-06,2017-11-18,10,10663.728,1859.4695,0.174373305471,2015-06-19,South,Home Office,42
ME-17725,2014-07-12,2017-12-02,8,1908.4532,77.8128,0.0407727053511,2015-05-09,Central,Consumer,28
ME-18010,2014-07-21,2017-09-29,4,1256.944,107.3604,0.0854138290966,2014-12-23,West,Corporate,92
MF-17665,2014-12-30,2016-11-04,5,937.039,-341.5265,-0.364474157426,2016-01-09,West,Corporate,421
MF-18250,2014-09-15,2017-12-23,5,1758.3,456.8608,0.259830973099,2015-03-16,East,Corporate,7
MG-17650,2014-08-09,2017-12-01,7,3785.276,341.898,0.0903231362786,2016-11-24,West,Home Office,29
MG-17680,2014-10-22,2017-09-29,4,2350.188,25.8886,0.0110155442884,2015-11-14,East,Home Office,92
MG-17695,2014-12-26,2016-06-23,3,1342.282,-398.7932,-0.297100907261,2015-06-08,East,Consumer,555
MG-17875,2014-02-23,2017-09-05,5,1242.833,-470.7684,-0.378786530451,2015-06-22,Central,Home Office,116
MG-17890,2014-12-29,2017-09-22,9,776.384,171.7372,0.221201364273,2015-07-16,Central,Home Office,99
MG-18145,2014-03-29,2017-10-07,4,3061.543,-93.603,-0.0305737988981,2015-09-03,Central,Consumer,84
MG-18205,2017-04-10,2017-04-10,1,16.739,-1.2453,-0.0743951251568,,South,Corporate,264
MH-17290,2014-04-26,2017-09-02,6,2394.025,28.7612,0.0120137425465,2015-09-19,West,Home Office,119
MH-17440,2014-02-04,2016-12-19,4,400.016,61.4286,0.153565357386,2014-03-17,West,Corporate,376
MH-17455,2014-07-11,2017-10-06,8,2456.182,484.7733,0.19736863962,2014-12-20,East,Consumer,85
MH-17620,2015-12-05,2017-07-28,4,1252.8,122.3612,0.0976701787995,2016-09-03,West,Corporate,155
MH-17785,2014-05-27,2017-09-23,7,2203.778,238.5614,0.108251103333,2014-09-30,West,Corporate,98
MH-18025,2014-07-08,2017-11-11,5,2984.948,476.9032,0.159769349416,2015-07-25,East,Consumer,49
MH-18115,2016-08-23,2017-12-25,9,5503.093,170.9746,0.0310688189351,2017-01-21,Central,Home Office,5
MJ-17740,2015-06-09,2017-12-08,7,6320.746,1054.5529,0.166839942627,2016-04-23,South,Consumer,22
MK-17905,2014-11-18,2017-12-02,8,2302.368,-405.3559,-0.176060429957,2015-12-18,Central,Corporate,28
MK-18160,2014-12-19,2017-05-04,4,1031.602,227.8338,0.220854360499,2016-12-02,South,Consumer,240
ML-17395,2014-02-14,2017-10-22,9,2722.843,684.9162,0.251544506973,2014-05-26,West,Corporate,69
ML-17410,2014-11-14,2017-11-06,6,2921.5,-76.1755,-0.0260741057676,2016-09-29,East,Consumer,54
ML-17755,2016-08-04,2017-12-01,7,2071.914,409.5112,0.197648744108,2017-04-06,South,Home Office,29
ML-18040,2017-03-26,2017-10-12,3,742.082,138.7162,0.186928398748,2017-06-04,Central,Corporate,79
ML-18265,2015-05-31,2017-09-21,2,162.232,42.6648,0.262986340549,2017-09-21,South,Consumer,100
MM-17260,2014-05-28,2017-07-15,4,1314.023,178.402,0.135767790975,2016-09-18,West,Consumer,168
MM-17920,2014-01-13,2017-12-23,11,3794.08,82.125,0.0216455636149,2014-08-27,East,Consumer,7
MM-18055,2014-04-11,2017-10-30,8,2749.881,-520.3443,-0.189224297342,2014-05-26,West,Consumer,61
MM-18280,2014-01-20,2017-10-06,9,775.414,58.8916,0.0759485900435,2015-05-25,South,Corporate,85
MN-17935,2014-02-16,2017-11-26,6,2477.946,290.8227,0.117364421985,2014-07-11,Central,Consumer,34
MO-17500,2014-11-28,2017-10-19,4,922.487,59.3577,0.0643452970069,2016-09-06,East,Consumer,72
MO-17800,2015-09-17,2017-09-17,8,1687.027,169.3437,0.100379958353,2015-11-22,West,Home Office,104
MO-17950,2015-04-02,2017-07-03,2,154.288,-82.0074,-0.531521570051,2017-07-03,Central,Consumer,180
MP-17470,2014-03-30,2016-01-11,7,3206.132,600.2873,0.187230999847,2014-06-04,Central,Home Office,719
MP-17965,2015-04-18,2017-10-19,9,3983.642,638.1563,0.160194189136,2015-07-17,Central,Corporate,72
MP-18175,2014-03-28,2017-12-14,9,5087.92,226.4529,0.0445079521691,2014-11-25,East,Home Office,16
MR-17545,2014-09-03,2017-08-27,4,639.178,162.9363,0.254915375686,2014-10-07,Central,Home Office,125
MS-17365,2014-09-09,2017-04-01,10,7443.69,844.9355,0.113510302014,2014-09-22,Central,Consumer,273
MS-17530,2014-11-04,2016-10-22,4,475.656,84.0268,0.176654557075,2014-11-18,West,Consumer,434
MS-17710,2014-03-24,2016-11-12,6,1613.402,247.4348,0.153362150289,2014-04-04,West,Consumer,413
MS-17770,2014-07-04,2017-08-31,9,3144.678,280.8584,0.0893122920693,2014-08-19,South,Consumer,121
MS-17830,2014-01-09,2016-10-04,4,370.348,19.4312,0.0524674090315,2015-07-23,Central,Consumer,452
MS-17980,2014-06-30,2017-12-04,6,855.116,55.226,0.0645830507206,2015-02-09,Central,Corporate,26
MT-17815,2015-11-06,2017-11-11,6,2890.139,509.0068,0.176118449666,2015-12-10,West,Consumer,49
MT-18070,2014-09-25,2017-06-10,4,1319.4498,-23.6763,-0.0179440703239,2015-10-24,Central,Home Office,203
MV-17485,2014-01-20,2017-12-03,9,1560.05,189.0258,0.121166501074,2015-03-27,West,Consumer,27
MV-18190,2014-01-30,2017-12-11,7,1734.574,273.8582,0.157882108229,2015-03-05,Central,Consumer,19
MW-18220,2014-08-25,2017-12-13,7,5341.9,1238.422,0.231831745259,2014-09-20,West,Consumer,17
MW-18235,2014-05-21,2017-11-16,2,5253.876,1665.516,0.317007101043,2017-11-16,South,Corporate,44
MY-17380,2015-10-26,2017-12-01,7,2254.285,319.1211,0.14156200303,2016-05-30,West,Corporate,29
MY-18295,2014-04-28,2017-10-20,11,4152.696,-371.7111,-0.0895107900988,2014-11-24,East,Corporate,71
MZ-17335,2015-11-08,2017-11-30,4,593.606,85.0191,0.143224798941,2016-10-09,West,Home Office,30
MZ-17515,2014-04-04,2017-03-23,6,2564.906,787.7503,0.307126382019,2014-11-11,West,Corporate,282
NB-18580,2014-09-26,2014-10-22,2,273.872,24.7888,0.0905123561372,2014-10-22,East,Corporate,1165
NB-18655,2014-12-05,2017-12-11,9,1972.599,117.6429,0.059638527648,2015-02-10,East,Corporate,19
NC-18340,2014-03-30,2017-05-20,5,2461.404,580.3075,0.235762800418,2014-05-04,Central,Consumer,224
NC-18415,2014-05-03,2017-11-19,6,2218.99,-2204.8072,-0.993608443481,2014-12-27,East,Consumer,41
NC-18535,2014-07-23,2017-12-24,7,8241.739,1314.758,0.159524343103,2014-08-20,West,Corporate,6
NC-18625,2014-10-29,2017-06-09,5,1821.742,-359.021,-0.197075656158,2015-05-02,Central,Corporate,204
ND-18370,2014-01-13,2017-12-03,9,4326.139,353.6455,0.0817462175857,2014-11-01,South,Consumer,27
ND-18460,2014-02-06,2017-06-30,6,2893.455,443.3368,0.153220561578,2014-09-19,South,Corporate,183
NF-18385,2014-02-11,2017-10-12,7,8322.826,-1695.9714,-0.203773501933,2015-12-15,South,Consumer,79
NF-18475,2014-03-14,2016-07-23,4,377.162,85.9278,0.227827299675,2014-10-01,South,Home Office,525
NF-18595,2014-04-19,2017-09-07,7,2031.472,388.2131,0.191099409689,2014-09-09,West,Home Office,114
NG-18355,2014-11-24,2017-11-12,5,1869.58,313.6335,0.167756127045,2015-09-15,Central,Corporate,48
NG-18430,2014-11-24,2017-11-12,5,1395.938,217.0893,0.155515001383,2014-12-03,East,Consumer,48
NH-18610,2014-03-02,2017-06-24,7,2673.29,760.1666,0.284356205275,2015-09-19,East,Corporate,189
NK-18490,2015-05-28,2017-10-21,7,572.048,121.2177,0.211901274019,2016-07-18,West,Home Office,70
NL-18310,2014-10-31,2017-11-02,4,1418.09,343.6381,0.242324605632,2015-08-25,West,Home Office,58
NM-18445,2014-02-08,2017-07-23,7,6459.344,2751.6849,0.426000674372,2014-04-08,West,Home Office,160
NM-18520,2015-09-08,2017-04-30,10,2161.979,788.9525,0.364921444658,2015-09-27,West,Consumer,244
NP-18325,2014-05-13,2017-12-05,6,5529.62,1208.889,0.218620628542,2014-06-21,West,Consumer,25
NP-18670,2015-02-27,2017-11-02,5,3908.402,514.6002,0.131665115308,2016-07-18,West,Consumer,58
NP-18685,2014-03-07,2016-11-19,6,1228.698,514.5017,0.418737313807,2015-05-25,West,Home Office,406
NP-18700,2014-09-05,2017-08-14,7,7903.1825,631.2282,0.0798701282679,2014-12-12,East,Consumer,138
NR-18550,2014-06-07,2017-06-03,5,2367.277,-25.1488,-0.0106235138516,2014-09-17,Central,Consumer,210
NS-18505,2016-11-24,2017-12-24,4,2575.863,-12.304,-0.00477665155329,2017-01-19,Central,Consumer,6
NS-18640,2014-06-25,2017-07-09,13,2964.823,-234.7714,-0.0791856377261,2015-03-09,West,Corporate,174
NW-18400,2014-06-21,2017-07-11,7,7234.014,1023.123,0.141432267065,2014-11-26,East,Consumer,172
NZ-18565,2014-08-02,2017-10-06,9,2488.31,402.4236,0.161725669229,2015-08-21,Central,Home Office,85
ON-18715,2014-09-13,2016-11-15,9,1567.52,-5.889,-0.00375688986424,2014-11-04,West,Corporate,410
OT-18730,2015-04-20,2017-10-26,5,3818.624,-925.1203,-0.242265355269,2016-06-10,Central,Consumer,65
PA-19060,2014-05-17,2017-09-18,6,729.408,225.8588,0.309646727209,2015-03-02,Central,Home Office,103
PB-18805,2015-11-20,2017-12-05,3,740.356,229.2257,0.309615509296,2016-10-15,West,Home Office,25
PB-19105,2014-11-15,2017-11-03,4,688.324,218.1597,0.316943329014,2016-03-20,Central,Consumer,57
PB-19150,2014-07-14,2017-09-24,8,1456.95,280.6606,0.192635711589,2014-11-29,West,Consumer,97
PB-19210,2014-11-23,2016-02-11,2,132.738,21.897,0.164964064548,2016-02-11,East,Corporate,688
PC-18745,2014-12-31,2017-12-28,4,1832.064,272.685,0.148840324355,2016-11-10,East,Corporate,2
PC-19000,2014-04-08,2015-08-01,2,1061.488,-184.3364,-0.173658486954,2015-08-01,West,Home Office,882
PF-19120,2014-05-05,2015-09-17,4,9062.864,-614.2943,-0.0677814761426,2015-04-07,South,Consumer,835
PF-19165,2014-09-20,2017-06-17,6,2770,196.8739,0.0710736101083,2015-08-27,Central,Consumer,196
PF-19225,2016-06-26,2017-09-07,5,2206.128,591.3118,0.268031501345,2016-11-03,South,Consumer,114
PG-18820,2014-05-09,2017-11-24,13,3086.907,137.4613,0.0445304312699,2014-07-21,West,Consumer,36
PG-18895,2014-05-11,2017-11-03,9,1987.164,334.5163,0.168338546793,2015-09-12,Central,Consumer,57
PH-18790,2017-10-21,2017-10-21,1,729.648,47.8878,0.065631372936,,South,Home Office,70
PJ-18835,2014-05-28,2017-11-21,8,1220.09,442.1355,0.362379414633,2015-11-14,West,Corporate,39
PJ-19015,2014-04-07,2017-08-18,7,1824.234,682.9979,0.374402571161,2015-07-18,South,Consumer,134
PK-18910,2014-04-04,2016-09-03,2,1441.152,-798.705,-0.554212879696,2016-09-03,West,Home Office,483
PK-19075,2014-11-11,2017-12-21,12,8646.934,2038.2676,0.235721424496,2016-04-16,Central,Consumer,9
PL-18925,2014-11-01,2017-12-15,5,239.481,-0.7527,-0.00314304683879,2016-03-15,West,Home Office,15
PM-18940,2014-05-04,2016-12-09,3,1405.402,157.8768,0.112335687583,2015-01-19,Central,Consumer,386
PM-19135,2015-12-19,2017-11-09,4,4115.662,526.7537,0.127987599565,2016-10-08,East,Home Office,51
PN-18775,2015-08-07,2017-11-30,8,1467.152,192.0396,0.130892777299,2016-09-10,West,Home Office,30
PO-18850,2014-11-02,2017-12-26,11,7473.8282,38.4757,0.00514805785876,2014-12-07,Central,Consumer,4
PO-18865,2014-03-23,2017-12-30,7,2493.214,437.8533,0.175618017547,2014-10-20,West,Consumer,0
PO-19180,2015-08-11,2017-07-23,9,4893.043,1155.4331,0.236137941154,2015-11-10,East,Home Office,160
PO-19195,2014-01-04,2017-10-05,5,1056.858,-49.7009,-0.0470270367448,2015-09-25,Central,Home Office,86
PP-18955,2014-08-26,2017-09-24,10,7252.608,1495.0854,0.206144520702,2014-09-08,East,Home Office,97
PR-18880,2014-09-05,2017-11-24,5,1840.178,247.6226,0.134564482349,2015-04-11,South,Consumer,36
PS-18760,2014-06-15,2017-09-14,6,2181.479,-134.441,-0.0616283723107,2015-05-26,Central,Consumer,107
PS-18970,2014-04-15,2017-10-22,8,1278.639,198.5099,0.155250934783,2015-04-30,West,Home Office,69
PS-19045,2014-12-20,2017-05-08,7,6843.634,1742.7297,0.254649751872,2015-02-22,South,Home Office,236
PT-19090,2014-09-12,2017-10-20,4,160.572,-20.0508,-0.124871085868,2016-09-05,Central,Consumer,71
PV-18985,2014-07-12,2017-10-02,5,2876.046,434.5284,0.151085344254,2016-02-22,Central,Home Office,89
PW-19030,2014-05-16,2017-11-14,10,3454.916,803.8169,0.232658883747,2015-02-03,West,Corporate,46
PW-19240,2014-11-18,2016-09-22,7,3922.415,1290.354,0.328969270207,2015-02-21,West,Consumer,464
QJ-19255,2014-03-17,2017-12-05,9,6108.338,1203.6768,0.197054714392,2014-06-01,East,Corporate,25
RA-19285,2014-12-13,2017-12-25,9,2617.906,546.0882,0.208597329316,2015-08-13,Central,Consumer,5
RA-19885,2014-04-08,2017-11-17,7,3832.314,1292.8656,0.337358995114,2014-11-22,South,Corporate,43
RA-19915,2014-06-30,2017-12-18,9,4793.543,304.8673,0.0635995755123,2014-09-30,Central,Consumer,12
RA-19945,2014-08-29,2017-10-30,5,1686.9225,-445.695,-0.264205972711,2015-08-27,South,Consumer,61
RB-19330,2014-11-17,2017-10-23,2,1008.196,-164.4062,-0.163069680895,2017-10-23,East,Consumer,68
RB-19360,2016-04-01,2017-09-25,6,15117.339,6976.0959,0.461463217832,2016-05-29,East,Consumer,96
RB-19435,2014-03-11,2017-12-11,8,2663.086,477.2399,0.179205590807,2014-10-10,West,Consumer,19
RB-19465,2014-03-14,2017-12-21,12,4715.466,640.5466,0.135839511938,2014-09-07,Central,Home Office,9
RB-19570,2016-04-28,2017-12-05,5,528.546,76.8879,0.14547059291,2016-09-03,Central,Consumer,25
RB-19645,2014-08-23,2016-03-22,5,221.084,72.679,0.328739302708,2014-08-24,West,Corporate,648
RB-19705,2015-08-22,2017-11-06,4,2067.45,243.0755,0.117572613606,2015-12-26,East,Home Office,54
RB-19795,2014-06-03,2017-11-28,8,5633.316,-461.7332,-0.0819647255719,2015-07-25,Central,Home Office,32
RC-19825,2014-12-05,2016-12-26,6,966.409,63.9914,0.0662156498956,2016-01-15,South,Consumer,369
RC-19960,2014-08-25,2017-09-11,6,885.752,10.5633,0.0119257986434,2014-12-06,East,Consumer,110
RD-19480,2014-06-08,2017-10-19,8,4272.93,480.594,0.112474110271,2015-06-23,East,Consumer,72
RD-19585,2014-04-02,2017-07-03,10,2912.894,734.5158,0.252160154129,2015-02-16,South,Consumer,180
RD-19660,2015-04-12,2017-09-07,5,2786.632,835.772,0.299921912904,2015-10-24,West,Home Office,114
RD-19720,2014-07-20,2017-12-09,10,1419.737,207.3304,0.146034371155,2014-08-09,West,Consumer,21
RD-19810,2014-10-27,2017-12-16,8,1137.616,318.4625,0.279938485394,2016-02-13,South,Home Office,14
RD-19900,2014-04-05,2017-09-07,9,3133.924,455.5292,0.14535425875,2014-11-10,Central,Consumer,114
RD-19930,2014-10-03,2017-11-18,4,970.942,35.0574,0.0361065851513,2015-07-25,Central,Consumer,42
RE-19405,2014-12-29,2014-12-29,1,48.36,6.045,0.125,,East,Consumer,1097
RE-19450,2014-06-03,2017-03-03,5,876.696,209.2294,0.238656729357,2015-08-15,Central,Consumer,302
RF-19345,2014-05-20,2016-12-05,8,3309.15,633.7072,0.191501503407,2014-09-16,East,Corporate,390
RF-19735,2014-08-06,2017-10-02,7,2341.296,711.6168,0.303941406811,2015-04-18,South,Consumer,89
RF-19840,2014-11-12,2017-12-24,8,945.222,280.0261,0.296254319091,2014-12-17,Central,Consumer,6
RH-19495,2014-08-23,2017-11-28,5,3621.376,563.7877,0.155683281714,2015-07-31,East,Consumer,32
RH-19510,2014-11-16,2016-09-19,6,6979.18,1289.4535,0.184757163449,2015-08-31,Central,Home Office,467
RH-19555,2015-12-04,2016-07-29,2,740.382,0.3057,0.000412894965032,2016-07-29,South,Consumer,519
RH-19600,2015-07-02,2016-07-14,3,2085.74,172.6261,0.0827649179668,2015-11-08,Central,Consumer,534
RK-19300,2015-07-20,2017-09-02,3,1460.192,269.688,0.184693519756,2015-10-12,Central,Consumer,119
RL-19615,2014-12-05,2017-08-31,8,6234.91,488.1484,0.0782927740737,2015-07-12,West,Consumer,121
RM-19375,2014-05-11,2017-01-19,6,1453.474,392.1499,0.269801799,2014-06-21,Central,Consumer,345
RM-19675,2014-11-14,2017-12-24,5,5979.096,1902.5438,0.318199239484,2014-11-19,East,Home Office,6
RM-19750,2017-03-06,2017-03-06,1,98.35,28.6879,0.291691916624,,East,Consumer,299
RO-19780,2015-05-12,2017-11-25,7,3815.478,-1262.5716,-0.330907844312,2015-12-04,West,Consumer,35
RP-19270,2014-10-19,2016-08-21,4,954.6452,59.5384,0.0623670448456,2015-08-06,West,Corporate,496
RP-19390,2014-05-24,2017-11-27,12,5153.084,465.2503,0.0902857977863,2014-09-13,East,Consumer,33
RP-19855,2014-04-05,2017-12-02,8,2170.716,594.5868,0.273912755054,2015-02-15,South,Corporate,28
RR-19315,2016-11-14,2017-12-11,2,615.932,-73.835,-0.119875245969,2017-12-11,West,Consumer,19
RR-19525,2014-09-09,2017-07-13,6,3302.262,721.6826,0.218541896433,2015-12-05,East,Corporate,170
RS-19420,2014-08-05,2017-10-15,5,3221.29,633.4514,0.196645257024,2016-05-09,East,Corporate,76
RS-19765,2014-04-07,2017-11-24,8,4159.77,1206.3851,0.290012452612,2014-12-06,South,Corporate,36
RS-19870,2016-06-07,2017-12-11,2,22.328,9.5838,0.429227875314,2017-12-11,East,Home Office,19
RW-19540,2015-02-03,2017-09-01,7,7397.401,1586.6273,0.214484425003,2015-09-19,West,Corporate,120
RW-19630,2014-06-28,2017-10-02,9,3279.746,698.8325,0.213075189359,2014-12-31,Central,Corporate,89
RW-19690,2016-05-30,2017-10-12,5,3495.646,707.5503,0.202409025399,2017-01-15,South,Consumer,79
SA-20830,2014-02-22,2017-10-28,10,4767.3415,610.1496,0.127985293271,2014-10-29,West,Consumer,63
SB-20170,2014-06-06,2017-06-12,3,1348.02,157.6658,0.116961024317,2017-02-09,Central,Consumer,201
SB-20185,2014-09-20,2017-06-25,6,6410.996,885.4624,0.138116199105,2015-04-16,Central,Consumer,188
SB-20290,2014-05-09,2017-11-13,7,8057.891,-2082.7451,-0.258472731885,2014-09-07,South,Corporate,47
SC-20020,2014-03-03,2015-11-10,5,3362.9636,-317.0508,-0.0942772024056,2014-04-02,Central,Consumer,781
SC-20050,2014-03-18,2017-11-20,9,4624.572,1011.7443,0.218775769952,2015-05-31,West,Home Office,40
SC-20095,2014-02-12,2017-01-15,9,14142.334,5757.4119,0.407104789068,2014-03-04,West,Consumer,349
SC-20230,2016-06-06,2017-08-03,4,4371.958,440.141,0.100673656975,2016-07-08,East,Corporate,149
SC-20260,2014-04-06,2017-06-26,8,3729.793,671.0034,0.179903656852,2014-09-14,West,Corporate,187
SC-20305,2014-12-16,2017-12-01,7,3979.065,229.1617,0.0575918463257,2015-01-27,Central,Consumer,29
SC-20380,2014-03-01,2017-11-30,9,5992.536,236.6615,0.0394927122674,2015-07-11,Central,Consumer,30
SC-20440,2015-08-17,2017-11-24,7,1874.998,379.5611,0.202432802595,2015-09-04,East,Corporate,36
SC-20575,2014-06-16,2017-09-29,5,902.728,100.2253,0.111024915589,2015-10-09,Central,Consumer,92
SC-20680,2014-11-21,2017-08-26,6,1254.64,370.1578,0.295031084614,2015-09-24,West,Home Office,126
SC-20695,2014-12-16,2017-10-02,10,2576.408,611.8291,0.237473684292,2015-07-31,Central,Corporate,89
SC-20725,2014-06-03,2017-06-26,11,5226.21,1276.6513,0.244278607251,2014-11-07,West,Consumer,187
SC-20770,2015-06-20,2017-11-19,7,4492.657,-671.1874,-0.149396537506,2016-03-13,West,Corporate,41
SC-20800,2015-12-11,2017-11-30,4,279.256,51.8252,0.185583120864,2016-12-20,Central,Consumer,30
SC-20845,2016-11-11,2017-08-21,2,280.632,31.1757,0.111091037373,2017-08-21,Central,Consumer,131
SD-20485,2014-01-26,2017-06-13,9,6121.114,1985.1672,0.324314691737,2014-04-06,South,Home Office,200
SE-20110,2014-04-11,2017-12-21,11,12209.438,2650.6769,0.217100647876,2014-09-22,West,Consumer,9
SF-20065,2014-09-10,2017-11-01,7,763.546,228.1623,0.298819324572,2015-08-13,East,Consumer,59
SF-20200,2014-12-23,2017-11-01,9,3422.786,286.9046,0.0838219508903,2015-03-05,Central,Consumer,59
SF-20965,2014-10-21,2017-11-12,9,3336.535,539.9352,0.161825126966,2015-01-03,West,Corporate,48
SG-20080,2015-10-31,2017-12-22,3,3406.581,570.438,0.167451764687,2015-12-16,West,Consumer,8
SG-20470,2014-07-26,2017-06-30,8,1884.798,-119.0105,-0.0631423102104,2014-11-28,South,Consumer,183
SG-20605,2014-01-23,2017-09-13,6,3124.832,463.269,0.148254050138,2014-11-03,Central,Consumer,108
SG-20890,2014-03-30,2017-05-18,3,47.946,-3.7073,-0.0773224043716,2016-08-01,East,Corporate,226
SH-19975,2014-12-10,2017-12-01,13,3406.8395,558.474,0.163927299774,2015-09-25,West,Corporate,29
SH-20395,2014-11-02,2017-12-07,10,2180.718,-144.5229,-0.0662730807009,2014-11-03,West,Consumer,23
SH-20635,2014-12-16,2015-11-26,2,2096.392,260.6258,0.124321119333,2015-11-26,West,Corporate,765
SJ-20125,2015-09-22,2017-09-26,12,3949.656,144.1189,0.0364889752424,2016-03-08,South,Home Office,95
SJ-20215,2015-02-09,2017-12-01,6,1341.036,-23.5137,-0.0175339811907,2015-07-06,West,Consumer,29
SJ-20500,2014-08-31,2017-04-21,5,1318.776,68.0963,0.0516359867028,2014-10-09,West,Consumer,253
SK-19990,2016-11-28,2017-12-22,3,883.409,168.7933,0.191070387555,2017-04-23,East,Consumer,8
SL-20155,2014-09-21,2017-10-21,7,3053.012,527.9715,0.172934629802,2014-10-03,East,Home Office,70
SM-20005,2014-11-23,2016-11-04,4,244.494,-26.5927,-0.108766268293,2014-12-10,West,Consumer,421
SM-20320,2014-03-18,2017-10-12,5,25043.05,-1980.7393,-0.0790933732113,2015-08-21,South,Home Office,79
SM-20905,2016-05-03,2016-05-03,1,1043.041,-237.2885,-0.227496809809,,East,Consumer,606
SM-20950,2014-09-29,2017-12-05,12,5563.392,581.5742,0.104535901838,2014-11-01,East,Corporate,25
SN-20560,2015-06-18,2017-09-10,6,1860.418,-716.8565,-0.385320126982,2015-09-11,West,Home Office,111
SN-20710,2014-05-06,2017-10-12,7,3127.9592,481.7499,0.154014125248,2015-11-27,West,Home Office,79
SO-20335,2015-10-11,2017-12-01,6,2602.5755,-81.0858,-0.0311559837553,2015-12-04,South,Consumer,29
SP-20545,2014-10-13,2017-02-06,6,1306.086,-118.7757,-0.090940183112,2016-03-14,East,Corporate,327
SP-20620,2014-09-08,2017-11-13,9,5440.319,-270.4282,-0.0497081513051,2014-12-30,East,Corporate,47
SP-20650,2014-04-16,2016-12-09,9,1872.436,268.4782,0.143384446785,2014-08-05,South,Corporate,386
SP-20860,2014-12-15,2017-10-12,10,4282.94,566.7226,0.132320929081,2014-12-28,Central,Corporate,79
SP-20920,2014-11-22,2017-10-21,6,3990.689,14.6924,0.00368167000736,2016-04-13,West,Consumer,70
SR-20425,2014-06-14,2017-12-22,5,3233.481,-3333.9144,-1.03106045775,2017-04-17,Central,Home Office,8
SR-20740,2014-02-20,2017-06-17,8,4345.886,1990.4244,0.458001981644,2014-11-05,West,Home Office,196
SS-20140,2014-11-23,2017-12-15,8,1324.028,332.3487,0.25101334715,2015-09-27,Central,Corporate,15
SS-20410,2014-05-30,2017-09-11,6,3056.807,-1010.9738,-0.330728698279,2014-09-07,Central,Consumer,110
SS-20515,2014-07-14,2016-08-26,3,613.4,199.9345,0.325944734268,2015-07-24,East,Home Office,491
SS-20590,2014-08-05,2016-10-24,6,418.49,135.5401,0.323878945733,2015-04-13,West,Consumer,432
SS-20875,2014-12-14,2017-09-01,5,964.636,-75.586,-0.0783570175693,2015-02-25,East,Consumer,120
ST-20530,2014-02-14,2017-08-27,7,433.34,84.4419,0.194862925186,2014-07-14,Central,Consumer,125
SU-20665,2015-12-05,2017-12-10,7,2595.364,763.4719,0.294167561853,2016-07-01,Central,Home Office,20
SV-20365,2014-01-11,2017-09-20,10,11470.95,1199.4242,0.104561888946,2014-04-20,East,Consumer,101
SV-20785,2014-04-12,2017-02-13,9,4105.305,485.0272,0.118146447097,2014-06-02,Central,Consumer,320
SV-20815,2015-05-04,2017-10-15,4,1271.09,199.6502,0.157070073716,2015-09-21,Central,Corporate,76
SV-20935,2016-03-19,2017-12-28,8,1903.491,106.8912,0.0561553482522,2016-07-18,East,Consumer,2
SW-20245,2014-07-20,2017-10-10,7,1085.078,-19.6062,-0.0180689314501,2015-11-02,East,Consumer,81
SW-20275,2014-03-10,2017-11-30,6,1966.65,332.8725,0.169258637785,2016-11-10,Central,Consumer,30
SW-20350,2016-04-09,2017-07-21,3,1019.044,95.8383,0.0940472639062,2016-04-17,Central,Home Office,162
SW-20455,2015-06-22,2017-07-21,7,2921.544,793.6548,0.271655946308,2015-09-06,East,Consumer,162
SW-20755,2014-11-02,2016-07-14,2,758.696,68.2416,0.0899459071881,2016-07-14,West,Corporate,534
SZ-20035,2014-09-07,2017-11-25,11,3625.329,366.4303,0.101075047258,2014-11-04,Central,Home Office,35
TA-21385,2014-09-12,2017-10-22,4,14595.62,4703.7883,0.322273963011,2016-09-02,Central,Home Office,69
TB-21055,2016-06-17,2017-09-02,5,1467.881,390.2113,0.265833061399,2016-08-27,East,Consumer,119
TB-21175,2014-12-08,2017-11-02,4,3589.296,829.1635,0.231010064369,2016-04-01,Central,Corporate,58
TB-21190,2014-12-27,2017-11-11,4,816.174,179.0038,0.219320635061,2015-11-27,East,Home Office,49
TB-21250,2014-12-08,2017-01-15,7,1602.376,260.6155,0.162643162404,2015-10-09,West,Consumer,349
TB-21280,2014-06-21,2016-05-26,6,2198.45,490.9567,0.223319475085,2014-06-22,East,Consumer,583
TB-21355,2016-01-25,2017-08-06,5,834.328,268.967,0.322375612469,2016-08-27,East,Corporate,146
TB-21400,2014-01-21,2017-06-11,7,9133.99,2798.3689,0.306368728234,2014-02-03,South,Consumer,202
TB-21520,2014-10-17,2017-09-14,9,4737.486,-1603.0451,-0.33837463583,2014-10-21,Central,Consumer,107
TB-21595,2014-02-18,2017-03-20,5,1387.559,-136.4091,-0.0983086845316,2014-11-07,Central,Consumer,285
TB-21625,2014-08-06,2017-11-30,9,2797.668,379.882,0.135785232558,2015-05-28,East,Consumer,30
TC-20980,2014-11-07,2016-11-26,5,19052.218,8981.3239,0.471405686204,2014-12-27,Central,Corporate,399
TC-21145,2017-09-15,2017-09-15,1,1038.26,265.5332,0.255748271146,,East,Corporate,106
TC-21295,2014-10-14,2017-12-03,8,4266.812,606.3727,0.142113760813,2014-12-20,East,Consumer,27
TC-21475,2014-11-22,2017-07-30,9,1244.976,119.104,0.0956677076506,2015-04-27,Central,Home Office,153
TC-21535,2014-11-03,2017-12-26,7,742.558,217.933,0.293489532131,2015-06-04,West,Home Office,4
TD-20995,2014-05-19,2017-11-23,9,1434.548,88.1897,0.061475600677,2015-08-23,South,Consumer,37
TG-21310,2015-03-09,2017-01-27,5,3058.372,682.1704,0.223050171791,2015-07-14,South,Consumer,337
TG-21640,2014-03-31,2017-09-07,4,2074.661,365.7205,0.176279642795,2015-06-09,South,Consumer,114
TH-21100,2014-09-27,2017-01-20,5,2422.824,-135.2125,-0.0558078093993,2014-11-24,West,Consumer,344
TH-21115,2014-09-23,2017-11-02,4,2942.772,-252.5539,-0.0858217694065,2016-04-18,East,Corporate,58
TH-21235,2014-11-04,2017-09-04,8,1022.201,92.729,0.0907150354969,2014-12-23,West,Corporate,117
TH-21550,2014-04-05,2017-10-19,7,4234.096,-571.9678,-0.135086167154,2015-05-16,East,Home Office,72
TM-21010,2014-02-21,2017-09-18,8,2955.226,573.3013,0.193995755316,2014-04-30,Central,Consumer,103
TM-21490,2017-03-30,2017-08-22,3,1094.678,292.521,0.267221045824,2017-07-27,Central,Consumer,130
TN-21040,2014-10-10,2017-10-01,7,3130.221,-692.0452,-0.221085092714,2015-09-07,West,Home Office,90
TP-21130,2015-04-14,2017-12-22,9,4454.056,1129.1261,0.253505142279,2015-09-20,West,Consumer,8
TP-21415,2015-11-28,2017-09-17,5,5329.0048,-1087.3898,-0.20405119545,2016-08-28,East,Consumer,104
TP-21565,2015-03-01,2017-01-14,4,1936.64,139.2287,0.0718918849141,2016-10-03,Central,Corporate,350
TR-21325,2014-12-01,2017-06-20,5,675.942,220.3644,0.326010811579,2016-08-14,West,Consumer,193
TS-21085,2015-07-19,2017-01-07,2,4.833,-3.3156,-0.686033519553,2017-01-07,West,Consumer,357
TS-21160,2014-04-23,2016-08-13,6,2163.624,260.8744,0.120572890669,2015-04-16,East,Corporate,504
TS-21205,2014-03-21,2017-06-15,7,5371.09,862.8877,0.160654113039,2014-06-09,South,Corporate,198
TS-21340,2014-01-19,2017-05-18,5,974.782,-184.9789,-0.189764378087,2014-09-08,West,Consumer,226
TS-21370,2014-10-28,2017-11-24,6,11891.751,2371.7144,0.199441982934,2015-07-11,West,Corporate,36
TS-21430,2014-07-30,2017-07-11,5,2054.14,48.7017,0.0237090461215,2014-11-11,West,Corporate,172
TS-21505,2014-12-20,2017-12-19,6,2243.274,11.3779,0.00507200636213,2016-09-25,South,Consumer,11
TS-21610,2014-08-16,2017-11-05,7,2820.424,-294.6981,-0.104487162214,2016-09-09,East,Consumer,55
TS-21655,2015-02-06,2017-05-06,5,3368.094,220.9163,0.0655908950285,2015-04-25,Central,Consumer,238
TT-21070,2014-05-18,2017-11-29,7,4915.602,751.9567,0.152973471001,2014-09-08,East,Consumer,31
TT-21220,2014-09-23,2017-06-30,8,1427.044,278.7371,0.195324811288,2015-04-06,East,Consumer,183
TT-21265,2015-08-15,2016-11-19,3,439.5,93.9162,0.213688737201,2016-10-02,West,Corporate,406
TT-21460,2015-12-08,2017-12-18,7,5364.808,1124.4999,0.209606737091,2016-04-22,Central,Home Office,12
TW-21025,2014-12-22,2017-10-27,7,5278.826,737.3905,0.13968835116,2015-09-05,East,Home Office,64
TZ-21580,2014-11-11,2017-11-25,4,1707.286,224.8887,0.131722921643,2015-12-04,West,Consumer,35
VB-21745,2015-07-17,2017-11-06,6,2005.596,371.2398,0.185101984647,2015-11-23,Central,Corporate,54
VD-21670,2014-08-04,2016-05-28,6,6442.254,1617.7874,0.251121331137,2015-02-28,West,Consumer,581
VF-21715,2014-03-01,2017-12-17,5,847.944,-96.278,-0.113542875473,2014-07-25,Central,Home Office,13
VG-21790,2014-08-08,2017-07-29,6,846.01,143.6268,0.169769624473,2014-11-24,South,Consumer,154
VG-21805,2014-09-22,2017-03-19,5,427.372,-52.333,-0.122453038571,2016-03-24,Central,Corporate,286
VM-21685,2014-04-07,2017-11-06,7,2454.866,513.5269,0.209187344645,2015-11-01,South,Home Office,54
VM-21835,2014-03-22,2017-09-04,5,380.69,116.6373,0.306383934435,2016-03-17,Central,Consumer,117
VP-21730,2015-07-05,2017-11-30,3,993.902,205.3888,0.206648945268,2017-06-30,Central,Home Office,30
VP-21760,2014-09-06,2017-10-16,7,3360.526,-1018.7768,-0.303159921988,2014-10-06,West,Corporate,75
VS-21820,2014-01-07,2017-05-23,4,1055.981,-262.8093,-0.248876921081,2015-05-24,Central,Consumer,221
VT-21700,2014-06-06,2015-04-05,2,1736.596,-224.0889,-0.129039166277,2015-04-05,Central,Home Office,1000
VW-21775,2014-05-11,2017-12-02,10,6134.038,-874.6645,-0.142591959815,2014-07-15,Central,Corporate,28
WB-21850,2014-11-04,2017-12-10,11,6160.102,714.3311,0.115960920777,2014-12-12,West,Consumer,20
XP-21865,2014-01-20,2017-11-17,11,2374.658,621.23,0.261608197896,2014-09-28,Central,Consumer,43
YC-21895,2014-11-17,2017-12-26,5,5454.35,1305.629,0.239373894231,2015-11-12,East,Corporate,4
YS-21880,2015-01-12,2017-12-21,8,6720.444,1778.2923,0.26460934724,2015-07-25,East,Corporate,9
ZC-21910,2014-10-13,2017-11-06,13,8025.707,-1032.149,-0.128605367726,2014-12-29,West,Consumer,54
ZD-21925,2014-08-27,2017-06-11,5,1493.944,249.1307,0.166760400658,2016-04-03,West,Consumer,202
