cohort_month,age_months,activity_month,cohort_customers,observable,active_customers,retention_rate
2014-01-01,0,2014-01-01,32,0,,
2014-01-01,1,2014-02-01,32,1,3,0.09375
2014-01-01,2,2014-03-01,32,1,0,0
2014-01-01,3,2014-04-01,32,1,2,0.0625
2014-01-01,4,2014-05-01,32,1,2,0.0625
2014-01-01,5,2014-06-01,32,1,0,0
2014-01-01,6,2014-07-01,32,1,2,0.0625
2014-01-01,7,2014-08-01,32,1,4,0.125
2014-01-01,8,2014-09-01,32,1,5,0.15625
2014-01-01,9,2014-10-01,32,1,3,0.09375
2014-01-01,10,2014-11-01,32,1,7,0.21875
2014-01-01,11,2014-12-01,32,1,5,0.15625
2014-01-01,12,2015-01-01,32,1,3,0.09375
2014-02-01,0,2014-02-01,24,1,24,1
2014-02-01,1,2014-03-01,24,1,4,0.166666666667
2014-02-01,2,2014-04-01,24,1,2,0.0833333333333
2014-02-01,3,2014-05-01,24,1,1,0.0416666666667
2014-02-01,4,2014-06-01,24,1,0,0
2014-02-01,5,2014-07-01,24,1,2,0.0833333333333
2014-02-01,6,2014-08-01,24,1,2,0.0833333333333
2014-02-01,7,2014-09-01,24,1,3,0.125
2014-02-01,8,2014-10-01,24,1,3,0.125
2014-02-01,9,2014-11-01,24,1,4,0.166666666667
2014-02-01,10,2014-12-01,24,1,4,0.166666666667
2014-02-01,11,2015-01-01,24,1,1,0.0416666666667
2014-02-01,12,2015-02-01,24,1,0,0
2014-03-01,0,2014-03-01,65,1,65,1
2014-03-01,1,2014-04-01,65,1,4,0.0615384615385
2014-03-01,2,2014-05-01,65,1,2,0.0307692307692
2014-03-01,3,2014-06-01,65,1,8,0.123076923077
2014-03-01,4,2014-07-01,65,1,7,0.107692307692
2014-03-01,5,2014-08-01,65,1,0,0
2014-03-01,6,2014-09-01,65,1,7,0.107692307692
2014-03-01,7,2014-10-01,65,1,5,0.0769230769231
2014-03-01,8,2014-11-01,65,1,8,0.123076923077
2014-03-01,9,2014-12-01,65,1,6,0.0923076923077
2014-03-01,10,2015-01-01,65,1,1,0.0153846153846
2014-03-01,11,2015-02-01,65,1,2,0.0307692307692
2014-03-01,12,2015-03-01,65,1,6,0.0923076923077
2014-04-01,0,2014-04-01,56,1,56,1
2014-04-01,1,2014-05-01,56,1,6,0.107142857143
2014-04-01,2,2014-06-01,56,1,2,0.0357142857143
2014-04-01,3,2014-07-01,56,1,4,0.0714285714286
2014-04-01,4,2014-08-01,56,1,3,0.0535714285714
2014-04-01,5,2014-09-01,56,1,8,0.142857142857
2014-04-01,6,2014-10-01,56,1,6,0.107142857143
2014-04-01,7,2014-11-01,56,1,9,0.160714285714
2014-04-01,8,2014-12-01,56,1,8,0.142857142857
2014-04-01,9,2015-01-01,56,1,1,0.0178571428571
2014-04-01,10,2015-02-01,56,1,4,0.0714285714286
2014-04-01,11,2015-03-01,56,1,5,0.0892857142857
2014-04-01,12,2015-04-01,56,1,8,0.142857142857
2014-05-01,0,2014-05-01,56,1,56,1
2014-05-01,1,2014-06-01,56,1,5,0.0892857142857
2014-05-01,2,2014-07-01,56,1,5,0.0892857142857
2014-05-01,3,2014-08-01,56,1,4,0.0714285714286
2014-05-01,4,2014-09-01,56,1,10,0.178571428571
2014-05-01,5,2014-10-01,56,1,2,0.0357142857143
2014-05-01,6,2014-11-01,56,1,12,0.214285714286
2014-05-01,7,2014-12-01,56,1,10,0.178571428571
2014-05-01,8,2015-01-01,56,1,4,0.0714285714286
2014-05-01,9,2015-02-01,56,1,3,0.0535714285714
2014-05-01,10,2015-03-01,56,1,4,0.0714285714286
2014-05-01,11,2015-04-01,56,1,7,0.125
2014-05-01,12,2015-05-01,56,1,2,0.0357142857143
2014-06-01,0,2014-06-01,48,1,48,1
2014-06-01,1,2014-07-01,48,1,1,0.0208333333333
2014-06-01,2,2014-08-01,48,1,2,0.0416666666667
2014-06-01,3,2014-09-01,48,1,4,0.0833333333333
2014-06-01,4,2014-10-01,48,1,2,0.0416666666667
2014-06-01,5,2014-11-01,48,1,9,0.1875
2014-06-01,6,2014-12-01,48,1,8,0.166666666667
2014-06-01,7,2015-01-01,48,1,1,0.0208333333333
2014-06-01,8,2015-02-01,48,1,4,0.0833333333333
2014-06-01,9,2015-03-01,48,1,6,0.125
2014-06-01,10,2015-04-01,48,1,5,0.104166666667
2014-06-01,11,2015-05-01,48,1,5,0.104166666667
2014-06-01,12,2015-06-01,48,1,3,0.0625
2014-07-01,0,2014-07-01,44,1,44,1
2014-07-01,1,2014-08-01,44,1,6,0.136363636364
2014-07-01,2,2014-09-01,44,1,5,0.113636363636
2014-07-01,3,2014-10-01,44,1,0,0
2014-07-01,4,2014-11-01,44,1,5,0.113636363636
2014-07-01,5,2014-12-01,44,1,8,0.181818181818
2014-07-01,6,2015-01-01,44,1,2,0.0454545454545
2014-07-01,7,2015-02-01,44,1,0,0
2014-07-01,8,2015-03-01,44,1,8,0.181818181818
2014-07-01,9,2015-04-01,44,1,2,0.0454545454545
2014-07-01,10,2015-05-01,44,1,7,0.159090909091
2014-07-01,11,2015-06-01,44,1,7,0.159090909091
2014-07-01,12,2015-07-01,44,1,5,0.113636363636
2014-08-01,0,2014-08-01,49,1,49,1
2014-08-01,1,2014-09-01,49,1,8,0.163265306122
2014-08-01,2,2014-10-01,49,1,3,0.0612244897959
2014-08-01,3,2014-11-01,49,1,11,0.224489795918
2014-08-01,4,2014-12-01,49,1,5,0.102040816327
2014-08-01,5,2015-01-01,49,1,3,0.0612244897959
2014-08-01,6,2015-02-01,49,1,4,0.0816326530612
2014-08-01,7,2015-03-01,49,1,2,0.0408163265306
2014-08-01,8,2015-04-01,49,1,4,0.0816326530612
2014-08-01,9,2015-05-01,49,1,3,0.0612244897959
2014-08-01,10,2015-06-01,49,1,5,0.102040816327
2014-08-01,11,2015-07-01,49,1,6,0.122448979592
2014-08-01,12,2015-08-01,49,1,2,0.0408163265306
2014-09-01,0,2014-09-01,68,1,68,1
2014-09-01,1,2014-10-01,68,1,9,0.132352941176
2014-09-01,2,2014-11-01,68,1,9,0.132352941176
2014-09-01,3,2014-12-01,68,1,11,0.161764705882
2014-09-01,4,2015-01-01,68,1,1,0.0147058823529
2014-09-01,5,2015-02-01,68,1,2,0.0294117647059
2014-09-01,6,2015-03-01,68,1,9,0.132352941176
2014-09-01,7,2015-04-01,68,1,10,0.147058823529
2014-09-01,8,2015-05-01,68,1,9,0.132352941176
2014-09-01,9,2015-06-01,68,1,2,0.0294117647059
2014-09-01,10,2015-07-01,68,1,6,0.0882352941176
2014-09-01,11,2015-08-01,68,1,8,0.117647058824
2014-09-01,12,2015-09-01,68,1,12,0.176470588235
2014-10-01,0,2014-10-01,42,1,42,1
2014-10-01,1,2014-11-01,42,1,3,0.0714285714286
2014-10-01,2,2014-12-01,42,1,5,0.119047619048
2014-10-01,3,2015-01-01,42,1,1,0.0238095238095
2014-10-01,4,2015-02-01,42,1,3,0.0714285714286
2014-10-01,5,2015-03-01,42,1,4,0.0952380952381
2014-10-01,6,2015-04-01,42,1,5,0.119047619048
2014-10-01,7,2015-05-01,42,1,4,0.0952380952381
2014-10-01,8,2015-06-01,42,1,3,0.0714285714286
2014-10-01,9,2015-07-01,42,1,4,0.0952380952381
2014-10-01,10,2015-08-01,42,1,4,0.0952380952381
2014-10-01,11,2015-09-01,42,1,7,0.166666666667
2014-10-01,12,2015-10-01,42,1,4,0.0952380952381
2014-11-01,0,2014-11-01,62,1,62,1
2014-11-01,1,2014-12-01,62,1,15,0.241935483871
2014-11-01,2,2015-01-01,62,1,0,0
2014-11-01,3,2015-02-01,62,1,3,0.0483870967742
2014-11-01,4,2015-03-01,62,1,5,0.0806451612903
2014-11-01,5,2015-04-01,62,1,4,0.0645161290323
2014-11-01,6,2015-05-01,62,1,2,0.0322580645161
2014-11-01,7,2015-06-01,62,1,6,0.0967741935484
2014-11-01,8,2015-07-01,62,1,3,0.0483870967742
2014-11-01,9,2015-08-01,62,1,5,0.0806451612903
2014-11-01,10,2015-09-01,62,1,11,0.177419354839
2014-11-01,11,2015-10-01,62,1,5,0.0806451612903
2014-11-01,12,2015-11-01,62,1,13,0.209677419355
2014-12-01,0,2014-12-01,49,1,49,1
2014-12-01,1,2015-01-01,49,1,3,0.0612244897959
2014-12-01,2,2015-02-01,49,1,4,0.0816326530612
2014-12-01,3,2015-03-01,49,1,4,0.0816326530612
2014-12-01,4,2015-04-01,49,1,2,0.0408163265306
2014-12-01,5,2015-05-01,49,1,3,0.0612244897959
2014-12-01,6,2015-06-01,49,1,4,0.0816326530612
2014-12-01,7,2015-07-01,49,1,6,0.122448979592
2014-12-01,8,2015-08-01,49,1,5,0.102040816327
2014-12-01,9,2015-09-01,49,1,9,0.183673469388
2014-12-01,10,2015-10-01,49,1,6,0.122448979592
2014-12-01,11,2015-11-01,49,1,6,0.122448979592
2014-12-01,12,2015-12-01,49,1,9,0.183673469388
2015-01-01,0,2015-01-01,7,1,7,1
2015-01-01,1,2015-02-01,7,1,0,0
2015-01-01,2,2015-03-01,7,1,1,0.142857142857
2015-01-01,3,2015-04-01,7,1,0,0
2015-01-01,4,2015-05-01,7,1,1,0.142857142857
2015-01-01,5,2015-06-01,7,1,1,0.142857142857
2015-01-01,6,2015-07-01,7,1,2,0.285714285714
2015-01-01,7,2015-08-01,7,1,0,0
2015-01-01,8,2015-09-01,7,1,0,0
2015-01-01,9,2015-10-01,7,1,1,0.142857142857
2015-01-01,10,2015-11-01,7,1,1,0.142857142857
2015-01-01,11,2015-12-01,7,1,1,0.142857142857
2015-01-01,12,2016-01-01,7,1,1,0.142857142857
2015-02-01,0,2015-02-01,7,1,7,1
2015-02-01,1,2015-03-01,7,1,0,0
2015-02-01,2,2015-04-01,7,1,1,0.142857142857
2015-02-01,3,2015-05-01,7,1,0,0
2015-02-01,4,2015-06-01,7,1,0,0
2015-02-01,5,2015-07-01,7,1,1,0.142857142857
2015-02-01,6,2015-08-01,7,1,0,0
2015-02-01,7,2015-09-01,7,1,2,0.285714285714
2015-02-01,8,2015-10-01,7,1,0,0
2015-02-01,9,2015-11-01,7,1,0,0
2015-02-01,10,2015-12-01,7,1,1,0.142857142857
2015-02-01,11,2016-01-01,7,1,0,0
2015-02-01,12,2016-02-01,7,1,1,0.142857142857
2015-03-01,0,2015-03-01,18,1,18,1
2015-03-01,1,2015-04-01,18,1,1,0.0555555555556
2015-03-01,2,2015-05-01,18,1,1,0.0555555555556
2015-03-01,3,2015-06-01,18,1,3,0.166666666667
2015-03-01,4,2015-07-01,18,1,1,0.0555555555556
2015-03-01,5,2015-08-01,18,1,1,0.0555555555556
2015-03-01,6,2015-09-01,18,1,3,0.166666666667
2015-03-01,7,2015-10-01,18,1,1,0.0555555555556
2015-03-01,8,2015-11-01,18,1,3,0.166666666667
2015-03-01,9,2015-12-01,18,1,1,0.0555555555556
2015-03-01,10,2016-01-01,18,1,1,0.0555555555556
2015-03-01,11,2016-02-01,18,1,2,0.111111111111
2015-03-01,12,2016-03-01,18,1,1,0.0555555555556
2015-04-01,0,2015-04-01,12,1,12,1
2015-04-01,1,2015-05-01,12,1,0,0
2015-04-01,2,2015-06-01,12,1,0,0
2015-04-01,3,2015-07-01,12,1,1,0.0833333333333
2015-04-01,4,2015-08-01,12,1,0,0
2015-04-01,5,2015-09-01,12,1,1,0.0833333333333
2015-04-01,6,2015-10-01,12,1,3,0.25
2015-04-01,7,2015-11-01,12,1,2,0.166666666667
2015-04-01,8,2015-12-01,12,1,0,0
2015-04-01,9,2016-01-01,12,1,0,0
2015-04-01,10,2016-02-01,12,1,1,0.0833333333333
2015-04-01,11,2016-03-01,12,1,1,0.0833333333333
2015-04-01,12,2016-04-01,12,1,0,0
2015-05-01,0,2015-05-01,12,1,12,1
2015-05-01,1,2015-06-01,12,1,0,0
2015-05-01,2,2015-07-01,12,1,0,0
2015-05-01,3,2015-08-01,12,1,1,0.0833333333333
2015-05-01,4,2015-09-01,12,1,2,0.166666666667
2015-05-01,5,2015-10-01,12,1,0,0
2015-05-01,6,2015-11-01,12,1,2,0.166666666667
2015-05-01,7,2015-12-01,12,1,2,0.166666666667
2015-05-01,8,2016-01-01,12,1,1,0.0833333333333
2015-05-01,9,2016-02-01,12,1,1,0.0833333333333
2015-05-01,10,2016-03-01,12,1,3,0.25
2015-05-01,11,2016-04-01,12,1,2,0.166666666667
2015-05-01,12,2016-05-01,12,1,1,0.0833333333333
2015-06-01,0,2015-06-01,12,1,12,1
2015-06-01,1,2015-07-01,12,1,1,0.0833333333333
2015-06-01,2,2015-08-01,12,1,1,0.0833333333333
2015-06-01,3,2015-09-01,12,1,5,0.416666666667
2015-06-01,4,2015-10-01,12,1,1,0.0833333333333
2015-06-01,5,2015-11-01,12,1,3,0.25
2015-06-01,6,2015-12-01,12,1,2,0.166666666667
2015-06-01,7,2016-01-01,12,1,0,0
2015-06-01,8,2016-02-01,12,1,1,0.0833333333333
2015-06-01,9,2016-03-01,12,1,3,0.25
2015-06-01,10,2016-04-01,12,1,1,0.0833333333333
2015-06-01,11,2016-05-01,12,1,0,0
2015-06-01,12,2016-06-01,12,1,5,0.416666666667
2015-07-01,0,2015-07-01,8,1,8,1
2015-07-01,1,2015-08-01,8,1,0,0
2015-07-01,2,2015-09-01,8,1,0,0
2015-07-01,3,2015-10-01,8,1,2,0.25
2015-07-01,4,2015-11-01,8,1,3,0.375
2015-07-01,5,2015-12-01,8,1,1,0.125
2015-07-01,6,2016-01-01,8,1,0,0
2015-07-01,7,2016-02-01,8,1,2,0.25
2015-07-01,8,2016-03-01,8,1,0,0
2015-07-01,9,2016-04-01,8,1,0,0
2015-07-01,10,2016-05-01,8,1,0,0
2015-07-01,11,2016-06-01,8,1,1,0.125
2015-07-01,12,2016-07-01,8,1,1,0.125
2015-08-01,0,2015-08-01,12,1,12,1
2015-08-01,1,2015-09-01,12,1,3,0.25
2015-08-01,2,2015-10-01,12,1,1,0.0833333333333
2015-08-01,3,2015-11-01,12,1,2,0.166666666667
2015-08-01,4,2015-12-01,12,1,3,0.25
2015-08-01,5,2016-01-01,12,1,0,0
2015-08-01,6,2016-02-01,12,1,0,0
2015-08-01,7,2016-03-01,12,1,0,0
2015-08-01,8,2016-04-01,12,1,0,0
2015-08-01,9,2016-05-01,12,1,1,0.0833333333333
2015-08-01,10,2016-06-01,12,1,2,0.166666666667
2015-08-01,11,2016-07-01,12,1,0,0
2015-08-01,12,2016-08-01,12,1,0,0
2015-09-01,0,2015-09-01,16,1,16,1
2015-09-01,1,2015-10-01,16,1,1,0.0625
2015-09-01,2,2015-11-01,16,1,3,0.1875
2015-09-01,3,2015-12-01,16,1,1,0.0625
2015-09-01,4,2016-01-01,16,1,4,0.25
2015-09-01,5,2016-02-01,16,1,1,0.0625
2015-09-01,6,2016-03-01,16,1,3,0.1875
2015-09-01,7,2016-04-01,16,1,3,0.1875
2015-09-01,8,2016-05-01,16,1,1,0.0625
2015-09-01,9,2016-06-01,16,1,0,0
2015-09-01,10,2016-07-01,16,1,1,0.0625
2015-09-01,11,2016-08-01,16,1,7,0.4375
2015-09-01,12,2016-09-01,16,1,3,0.1875
2015-10-01,0,2015-10-01,9,1,9,1
2015-10-01,1,2015-11-01,9,1,0,0
2015-10-01,2,2015-12-01,9,1,4,0.444444444444
2015-10-01,3,2016-01-01,9,1,0,0
2015-10-01,4,2016-02-01,9,1,0,0
2015-10-01,5,2016-03-01,9,1,0,0
2015-10-01,6,2016-04-01,9,1,0,0
2015-10-01,7,2016-05-01,9,1,1,0.111111111111
2015-10-01,8,2016-06-01,9,1,0,0
2015-10-01,9,2016-07-01,9,1,1,0.111111111111
2015-10-01,10,2016-08-01,9,1,0,0
2015-10-01,11,2016-09-01,9,1,1,0.111111111111
2015-10-01,12,2016-10-01,9,1,0,0
2015-11-01,0,2015-11-01,10,1,10,1
2015-11-01,1,2015-12-01,10,1,1,0.1
2015-11-01,2,2016-01-01,10,1,1,0.1
2015-11-01,3,2016-02-01,10,1,0,0
2015-11-01,4,2016-03-01,10,1,0,0
2015-11-01,5,2016-04-01,10,1,0,0
2015-11-01,6,2016-05-01,10,1,1,0.1
2015-11-01,7,2016-06-01,10,1,1,0.1
2015-11-01,8,2016-07-01,10,1,2,0.2
2015-11-01,9,2016-08-01,10,1,1,0.1
2015-11-01,10,2016-09-01,10,1,1,0.1
2015-11-01,11,2016-10-01,10,1,2,0.2
2015-11-01,12,2016-11-01,10,1,1,0.1
2015-12-01,0,2015-12-01,13,1,13,1
2015-12-01,1,2016-01-01,13,1,1,0.0769230769231
2015-12-01,2,2016-02-01,13,1,0,0
2015-12-01,3,2016-03-01,13,1,1,0.0769230769231
2015-12-01,4,2016-04-01,13,1,2,0.153846153846
2015-12-01,5,2016-05-01,13,1,2,0.153846153846
2015-12-01,6,2016-06-01,13,1,0,0
2015-12-01,7,2016-07-01,13,1,3,0.230769230769
2015-12-01,8,2016-08-01,13,1,1,0.0769230769231
2015-12-01,9,2016-09-01,13,1,3,0.230769230769
2015-12-01,10,2016-10-01,13,1,2,0.153846153846
2015-12-01,11,2016-11-01,13,1,2,0.153846153846
2015-12-01,12,2016-12-01,13,1,1,0.0769230769231
2016-01-01,0,2016-01-01,6,1,6,1
2016-01-01,1,2016-02-01,6,1,1,0.166666666667
2016-01-01,2,2016-03-01,6,1,0,0
2016-01-01,3,2016-04-01,6,1,1,0.166666666667
2016-01-01,4,2016-05-01,6,1,0,0
2016-01-01,5,2016-06-01,6,1,1,0.166666666667
2016-01-01,6,2016-07-01,6,1,1,0.166666666667
2016-01-01,7,2016-08-01,6,1,1,0.166666666667
2016-01-01,8,2016-09-01,6,1,0,0
2016-01-01,9,2016-10-01,6,1,1,0.166666666667
2016-01-01,10,2016-11-01,6,1,1,0.166666666667
2016-01-01,11,2016-12-01,6,1,1,0.166666666667
2016-01-01,12,2017-01-01,6,1,0,0
2016-02-01,0,2016-02-01,2,1,2,1
2016-02-01,1,2016-03-01,2,1,0,0
2016-02-01,2,2016-04-01,2,1,1,0.5
2016-02-01,3,2016-05-01,2,1,0,0
2016-02-01,4,2016-06-01,2,1,0,0
2016-02-01,5,2016-07-01,2,1,0,0
2016-02-01,6,2016-08-01,2,1,0,0
2016-02-01,7,2016-09-01,2,1,0,0
2016-02-01,8,2016-10-01,2,1,1,0.5
2016-02-01,9,2016-11-01,2,1,1,0.5
2016-02-01,10,2016-12-01,2,1,0,0
2016-02-01,11,2017-01-01,2,1,1,0.5
2016-02-01,12,2017-02-01,2,1,0,0
2016-03-01,0,2016-03-01,6,1,6,1
2016-03-01,1,2016-04-01,6,1,0,0
2016-03-01,2,2016-05-01,6,1,3,0.5
2016-03-01,3,2016-06-01,6,1,0,0
2016-03-01,4,2016-07-01,6,1,3,0.5
2016-03-01,5,2016-08-01,6,1,0,0
2016-03-01,6,2016-09-01,6,1,1,0.166666666667
2016-03-01,7,2016-10-01,6,1,1,0.166666666667
2016-03-01,8,2016-11-01,6,1,1,0.166666666667
2016-03-01,9,2016-12-01,6,1,1,0.166666666667
2016-03-01,10,2017-01-01,6,1,3,0.5
2016-03-01,11,2017-02-01,6,1,1,0.166666666667
2016-03-01,12,2017-03-01,6,1,1,0.166666666667
2016-04-01,0,2016-04-01,7,1,7,1
2016-04-01,1,2016-05-01,7,1,2,0.285714285714
2016-04-01,2,2016-06-01,7,1,0,0
2016-04-01,3,2016-07-01,7,1,1,0.142857142857
2016-04-01,4,2016-08-01,7,1,1,0.142857142857
2016-04-01,5,2016-09-01,7,1,4,0.571428571429
2016-04-01,6,2016-10-01,7,1,0,0
2016-04-01,7,2016-11-01,7,1,1,0.142857142857
2016-04-01,8,2016-12-01,7,1,0,0
2016-04-01,9,2017-01-01,7,1,2,0.285714285714
2016-04-01,10,2017-02-01,7,1,0,0
2016-04-01,11,2017-03-01,7,1,1,0.142857142857
2016-04-01,12,2017-04-01,7,1,1,0.142857142857
2016-05-01,0,2016-05-01,7,1,7,1
2016-05-01,1,2016-06-01,7,1,0,0
2016-05-01,2,2016-07-01,7,1,1,0.142857142857
2016-05-01,3,2016-08-01,7,1,2,0.285714285714
2016-05-01,4,2016-09-01,7,1,1,0.142857142857
2016-05-01,5,2016-10-01,7,1,1,0.142857142857
2016-05-01,6,2016-11-01,7,1,2,0.285714285714
2016-05-01,7,2016-12-01,7,1,1,0.142857142857
2016-05-01,8,2017-01-01,7,1,2,0.285714285714
2016-05-01,9,2017-02-01,7,1,1,0.142857142857
2016-05-01,10,2017-03-01,7,1,2,0.285714285714
2016-05-01,11,2017-04-01,7,1,1,0.142857142857
2016-05-01,12,2017-05-01,7,1,1,0.142857142857
2016-06-01,0,2016-06-01,8,1,8,1
2016-06-01,1,2016-07-01,8,1,1,0.125
2016-06-01,2,2016-08-01,8,1,2,0.25
2016-06-01,3,2016-09-01,8,1,3,0.375
2016-06-01,4,2016-10-01,8,1,1,0.125
2016-06-01,5,2016-11-01,8,1,1,0.125
2016-06-01,6,2016-12-01,8,1,1,0.125
2016-06-01,7,2017-01-01,8,1,1,0.125
2016-06-01,8,2017-02-01,8,1,0,0
2016-06-01,9,2017-03-01,8,1,2,0.25
2016-06-01,10,2017-04-01,8,1,0,0
2016-06-01,11,2017-05-01,8,1,0,0
2016-06-01,12,2017-06-01,8,1,2,0.25
2016-07-01,0,2016-07-01,2,1,2,1
2016-07-01,1,2016-08-01,2,1,0,0
2016-07-01,2,2016-09-01,2,1,0,0
2016-07-01,3,2016-10-01,2,1,0,0
2016-07-01,4,2016-11-01,2,1,0,0
2016-07-01,5,2016-12-01,2,1,0,0
2016-07-01,6,2017-01-01,2,1,0,0
2016-07-01,7,2017-02-01,2,1,0,0
2016-07-01,8,2017-03-01,2,1,0,0
2016-07-01,9,2017-04-01,2,1,1,0.5
2016-07-01,10,2017-05-01,2,1,0,0
2016-07-01,11,2017-06-01,2,1,0,0
2016-07-01,12,2017-07-01,2,1,0,0
2016-08-01,0,2016-08-01,4,1,4,1
2016-08-01,1,2016-09-01,4,1,0,0
2016-08-01,2,2016-10-01,4,1,0,0
2016-08-01,3,2016-11-01,4,1,0,0
2016-08-01,4,2016-12-01,4,1,0,0
2016-08-01,5,2017-01-01,4,1,1,0.25
2016-08-01,6,2017-02-01,4,1,0,0
2016-08-01,7,2017-03-01,4,1,1,0.25
2016-08-01,8,2017-04-01,4,1,2,0.5
2016-08-01,9,2017-05-01,4,1,2,0.5
2016-08-01,10,2017-06-01,4,1,1,0.25
2016-08-01,11,2017-07-01,4,1,0,0
2016-08-01,12,2017-08-01,4,1,0,0
2016-10-01,0,2016-10-01,1,1,1,1
2016-10-01,1,2016-11-01,1,1,0,0
2016-10-01,2,2016-12-01,1,1,1,1
2016-10-01,3,2017-01-01,1,1,0,0
2016-10-01,4,2017-02-01,1,1,0,0
2016-10-01,5,2017-03-01,1,1,0,0
2016-10-01,6,2017-04-01,1,1,0,0
2016-10-01,7,2017-05-01,1,1,0,0
2016-10-01,8,2017-06-01,1,1,0,0
2016-10-01,9,2017-07-01,1,1,0,0
2016-10-01,10,2017-08-01,1,1,1,1
2016-10-01,11,2017-09-01,1,1,1,1
2016-10-01,12,2017-10-01,1,1,1,1
2016-11-01,0,2016-11-01,6,1,6,1
2016-11-01,1,2016-12-01,6,1,0,0
2016-11-01,2,2017-01-01,6,1,1,0.166666666667
2016-11-01,3,2017-02-01,6,1,0,0
2016-11-01,4,2017-03-01,6,1,1,0.166666666667
2016-11-01,5,2017-04-01,6,1,1,0.166666666667
2016-11-01,6,2017-05-01,6,1,0,0
2016-11-01,7,2017-06-01,6,1,0,0
2016-11-01,8,2017-07-01,6,1,0,0
2016-11-01,9,2017-08-01,6,1,1,0.166666666667
2016-11-01,10,2017-09-01,6,1,0,0
2016-11-01,11,2017-10-01,6,1,1,0.166666666667
2016-11-01,12,2017-11-01,6,1,2,0.333333333333
2016-12-01,0,2016-12-01,2,1,2,1
2016-12-01,1,2017-01-01,2,1,0,0
2016-12-01,2,2017-02-01,2,1,0,0
2016-12-01,3,2017-03-01,2,1,0,0
2016-12-01,4,2017-04-01,2,1,0,0
2016-12-01,5,2017-05-01,2,1,0,0
2016-12-01,6,2017-06-01,2,1,0,0
2016-12-01,7,2017-07-01,2,1,0,0
2016-12-01,8,2017-08-01,2,1,0,0
2016-12-01,9,2017-09-01,2,1,0,0
2016-12-01,10,2017-10-01,2,1,1,0.5
2016-12-01,11,2017-11-01,2,1,0,0
2016-12-01,12,2017-12-01,2,0,,
2017-03-01,0,2017-03-01,3,1,3,1
2017-03-01,1,2017-04-01,3,1,0,0
2017-03-01,2,2017-05-01,3,1,0,0
2017-03-01,3,2017-06-01,3,1,1,0.333333333333
2017-03-01,4,2017-07-01,3,1,1,0.333333333333
2017-03-01,5,2017-08-01,3,1,1,0.333333333333
2017-03-01,6,2017-09-01,3,1,0,0
2017-03-01,7,2017-10-01,3,1,1,0.333333333333
2017-03-01,8,2017-11-01,3,1,0,0
2017-03-01,9,2017-12-01,3,0,,
2017-03-01,10,2018-01-01,3,0,,
2017-03-01,11,2018-02-01,3,0,,
2017-03-01,12,2018-03-01,3,0,,
2017-04-01,0,2017-04-01,1,1,1,1
2017-04-01,1,2017-05-01,1,1,0,0
2017-04-01,2,2017-06-01,1,1,0,0
2017-04-01,3,2017-07-01,1,1,0,0
2017-04-01,4,2017-08-01,1,1,0,0
2017-04-01,5,2017-09-01,1,1,0,0
2017-04-01,6,2017-10-01,1,1,0,0
2017-04-01,7,2017-11-01,1,1,0,0
2017-04-01,8,2017-12-01,1,0,,
2017-04-01,9,2018-01-01,1,0,,
2017-04-01,10,2018-02-01,1,0,,
2017-04-01,11,2018-03-01,1,0,,
2017-04-01,12,2018-04-01,1,0,,
2017-06-01,0,2017-06-01,1,1,1,1
2017-06-01,1,2017-07-01,1,1,0,0
2017-06-01,2,2017-08-01,1,1,0,0
2017-06-01,3,2017-09-01,1,1,0,0
2017-06-01,4,2017-10-01,1,1,0,0
2017-06-01,5,2017-11-01,1,1,0,0
2017-06-01,6,2017-12-01,1,0,,
2017-06-01,7,2018-01-01,1,0,,
2017-06-01,8,2018-02-01,1,0,,
2017-06-01,9,2018-03-01,1,0,,
2017-06-01,10,2018-04-01,1,0,,
2017-06-01,11,2018-05-01,1,0,,
2017-06-01,12,2018-06-01,1,0,,
2017-07-01,0,2017-07-01,2,1,2,1
2017-07-01,1,2017-08-01,2,1,0,0
2017-07-01,2,2017-09-01,2,1,0,0
2017-07-01,3,2017-10-01,2,1,0,0
2017-07-01,4,2017-11-01,2,1,0,0
2017-07-01,5,2017-12-01,2,0,,
2017-07-01,6,2018-01-01,2,0,,
2017-07-01,7,2018-02-01,2,0,,
2017-07-01,8,2018-03-01,2,0,,
2017-07-01,9,2018-04-01,2,0,,
2017-07-01,10,2018-05-01,2,0,,
2017-07-01,11,2018-06-01,2,0,,
2017-07-01,12,2018-07-01,2,0,,
2017-09-01,0,2017-09-01,1,1,1,1
2017-09-01,1,2017-10-01,1,1,0,0
2017-09-01,2,2017-11-01,1,1,0,0
2017-09-01,3,2017-12-01,1,0,,
2017-09-01,4,2018-01-01,1,0,,
2017-09-01,5,2018-02-01,1,0,,
2017-09-01,6,2018-03-01,1,0,,
2017-09-01,7,2018-04-01,1,0,,
2017-09-01,8,2018-05-01,1,0,,
2017-09-01,9,2018-06-01,1,0,,
2017-09-01,10,2018-07-01,1,0,,
2017-09-01,11,2018-08-01,1,0,,
2017-09-01,12,2018-09-01,1,0,,
2017-10-01,0,2017-10-01,2,1,2,1
2017-10-01,1,2017-11-01,2,1,0,0
2017-10-01,2,2017-12-01,2,0,,
2017-10-01,3,2018-01-01,2,0,,
2017-10-01,4,2018-02-01,2,0,,
2017-10-01,5,2018-03-01,2,0,,
2017-10-01,6,2018-04-01,2,0,,
2017-10-01,7,2018-05-01,2,0,,
2017-10-01,8,2018-06-01,2,0,,
2017-10-01,9,2018-07-01,2,0,,
2017-10-01,10,2018-08-01,2,0,,
2017-10-01,11,2018-09-01,2,0,,
2017-10-01,12,2018-10-01,2,0,,
2017-11-01,0,2017-11-01,1,1,1,1
2017-11-01,1,2017-12-01,1,0,,
2017-11-01,2,2018-01-01,1,0,,
2017-11-01,3,2018-02-01,1,0,,
2017-11-01,4,2018-03-01,1,0,,
2017-11-01,5,2018-04-01,1,0,,
2017-11-01,6,2018-05-01,1,0,,
2017-11-01,7,2018-06-01,1,0,,
2017-11-01,8,2018-07-01,1,0,,
2017-11-01,9,2018-08-01,1,0,,
2017-11-01,10,2018-09-01,1,0,,
2017-11-01,11,2018-10-01,1,0,,
2017-11-01,12,2018-11-01,1,0,,
