month,orders,active_customers,sales,profit,first_order_sales,repeat_order_sales,previous_month_sales,rolling_3m_sales,rolling_months,sales_change_vs_previous_month
2014-02-01,28,27,4519.892,862.3084,4294.66,225.232,,4519.892,1,
2014-03-01,71,69,55691.009,498.7299,54217.993,1473.016,4519.892,60210.901,2,11.3213140933
2014-04-01,66,64,28295.345,3488.8352,24707.165,3588.18,55691.009,88506.246,3,-0.491922565095
2014-05-01,69,67,23648.287,2738.7096,17990.703,5657.584,28295.345,107634.641,3,-0.16423401093
2014-06-01,66,63,34595.1276,4976.5244,28727.595,5867.5326,23648.287,86538.7596,3,0.462902052906
2014-07-01,65,65,33946.393,-841.4826,25492.141,8454.252,34595.1276,92189.8076,3,-0.0187521956127
2014-08-01,72,70,27909.4685,5318.105,22563.4655,5346.003,33946.393,96450.9891,3,-0.177836994346
2014-09-01,130,118,81777.3508,8328.0994,43416.4348,38360.916,27909.4685,143633.2123,3,1.93009344839
2014-10-01,78,75,31453.393,3448.2573,20214.693,11238.7,81777.3508,141140.2123,3,-0.615377696975
2014-11-01,151,139,78628.7167,9292.1269,29514.1677,49114.549,31453.393,191859.4605,3,1.49984848058
2014-12-01,141,134,69545.6205,8983.5699,20389.717,49155.9035,78628.7167,179627.7302,3,-0.115518815278
2015-01-01,29,28,18174.0756,-3281.007,2943.0276,15231.048,69545.6205,166348.4128,3,-0.738674046341
2015-02-01,36,36,11951.411,2813.8508,1882.984,10068.427,18174.0756,99671.1071,3,-0.342392358047
2015-03-01,79,77,38726.252,9732.0978,12696.0686,26030.1834,11951.411,68851.7386,3,2.24030794356
2015-04-01,72,69,34195.2085,4187.4962,3019.46,31175.7485,38726.252,84872.8715,3,-0.117001859617
2015-05-01,74,69,30131.6865,4667.869,5916.39,24215.2965,34195.2085,103053.147,3,-0.118833081541
2015-06-01,68,68,24797.292,3335.5572,3250.098,21547.194,30131.6865,89124.187,3,-0.177036041444
2015-07-01,66,64,28765.325,3288.6483,4155.319,24610.006,24797.292,83694.3035,3,0.160018803666
2015-08-01,68,64,36898.3322,5355.8084,7417.242,29481.0902,28765.325,90460.9492,3,0.282736496111
2015-09-01,140,126,64595.918,8209.1627,5203.78,59392.138,36898.3322,130259.5752,3,0.750646008873
2015-10-01,87,79,31404.9235,2817.366,5960.2965,25444.627,64595.918,132899.1737,3,-0.51382495253
2015-11-01,158,146,75972.5635,12474.7884,1688.021,74284.5425,31404.9235,171973.405,3,1.41912907382
2015-12-01,161,141,74919.5212,8016.9659,7468.866,67450.6552,75972.5635,182297.0082,3,-0.0138608235853
2016-01-01,48,46,18542.491,2824.8233,2855.25,15687.241,74919.5212,169434.5757,3,-0.752501207923
2016-02-01,45,42,22978.815,5004.5795,46.544,22932.271,18542.491,116440.8272,3,0.23925178122
2016-03-01,86,80,51715.875,3611.968,1378.778,50337.097,22978.815,93237.181,3,1.25058929279
2016-04-01,89,83,38750.039,2977.8149,2810.444,35939.595,51715.875,113444.729,3,-0.250712880716
2016-05-01,108,96,56987.728,8662.1464,12515.883,44471.845,38750.039,147453.642,3,0.470649565024
2016-06-01,97,90,40344.534,4750.3781,1812.268,38532.266,56987.728,136082.301,3,-0.29204873723
2016-07-01,96,89,39261.963,4432.8779,109.63,39152.333,40344.534,136594.225,3,-0.026833151673
2016-08-01,90,86,31115.3743,2062.0693,1985.214,29130.1603,39261.963,110721.8713,3,-0.2074931582
2016-09-01,192,176,73410.0249,9328.6576,0,73410.0249,31115.3743,143787.3622,3,1.35928464791
2016-10-01,105,95,59687.745,16243.1425,98.16,59589.585,73410.0249,164213.1442,3,-0.186926511995
2016-11-01,183,165,79411.9658,4011.4075,584.84,78827.1258,59687.745,212509.7357,3,0.330456793099
2016-12-01,176,157,96999.043,17885.3093,2674.33,94324.713,79411.9658,236098.7538,3,0.221466337256
2017-01-01,69,67,43971.374,7140.4391,0,43971.374,96999.043,220382.3828,3,-0.546682393557
2017-02-01,53,53,20301.1334,1613.872,0,20301.1334,43971.374,161271.5504,3,-0.53831023338
2017-03-01,118,115,58872.3528,14751.8915,485.05,58387.3028,20301.1334,123144.8602,3,1.89995398976
2017-04-01,116,109,36521.5361,933.29,16.739,36504.7971,58872.3528,115695.0223,3,-0.379648776327
2017-05-01,118,113,44261.1102,6342.5828,0,44261.1102,36521.5361,139654.9991,3,0.211918087969
2017-06-01,133,118,52981.7257,8223.3357,47.976,52933.7497,44261.1102,133764.372,3,0.197026587462
2017-07-01,111,102,45264.416,6952.6212,1370.068,43894.348,52981.7257,142507.2519,3,-0.145659840219
2017-08-01,111,104,63120.888,9040.9557,0,63120.888,45264.416,161367.0297,3,0.394492486107
2017-09-01,226,196,87866.652,10991.5556,1038.26,86828.392,63120.888,196251.956,3,0.392037640535
2017-10-01,147,136,77776.9232,9275.2755,1593.528,76183.3952,87866.652,228764.4632,3,-0.114830013098
2017-11-01,261,216,118447.825,9690.1037,796.036,117651.789,77776.9232,284091.4002,3,0.522917340088
