customer_id,orders,sales,profit,sales_rank,sales_decile,cumulative_sales_share
SM-20320,5,25043.05,-1980.7393,1,1,0.0109015499832
TC-20980,5,19052.218,8981.3239,2,1,0.0191952165621
RB-19360,6,15117.339,6976.0959,3,1,0.0257759815536
TA-21385,4,14595.62,4703.7883,4,1,0.0321296357996
AB-10105,10,14473.571,5444.8055,5,1,0.0384301606036
KL-16645,12,14175.229,806.855,6,1,0.0446008134381
SC-20095,9,14142.334,5757.4119,7,1,0.0507571466714
HL-15040,6,12873.298,5622.4292,8,1,0.0563610528089
SE-20110,11,12209.438,2650.6769,9,1,0.0616759724622
CC-12370,5,12129.072,2177.0493,10,1,0.0669559077999
TS-21370,6,11891.751,2371.7144,11,1,0.0721325343655
GT-14710,11,11820.12,2163.4269,12,1,0.0772779790692
BM-11140,4,11789.63,-1659.9581,13,1,0.0824101510981
SV-20365,10,11470.95,1199.4242,14,1,0.0874035977741
CJ-12010,8,11164.974,858.7414,15,1,0.0922638493059
CL-12565,12,10880.546,1933.7831,16,1,0.0970002858047
ME-17320,10,10663.728,1859.4695,17,1,0.101642338742
KF-16285,7,10604.266,1660.1386,18,1,0.106258507133
BS-11365,5,10501.653,2616.0644,19,1,0.110830006814
EH-13765,12,10310.88,1393.5154,20,1,0.115318460644
JL-15835,11,9799.923,228.907,21,1,0.119584488561
GT-14635,3,9351.212,-4108.6589,22,1,0.123655187019
HW-14935,8,9300.254,2164.1611,23,1,0.127703702828
TB-21400,7,9133.99,2798.3689,24,1,0.131679841858
PF-19120,4,9062.864,-614.2943,25,1,0.135625018859
CM-12385,4,8954.02,3899.8904,26,1,0.139522814717
JD-16150,8,8828.0305,1619.5199,27,1,0.143365765785
JE-15715,10,8697.843,1262.2926,28,1,0.147152044622
LA-16780,11,8673.222,2059.1199,29,1,0.150927605632
PK-19075,12,8646.934,2038.2676,30,1,0.154691723149
DR-12940,8,8350.868,2869.076,31,1,0.158326959469
NF-18385,7,8322.826,-1695.9714,32,1,0.161949988758
KD-16270,5,8282.358,1107.6952,33,1,0.165555401825
NC-18535,7,8241.739,1314.758,34,1,0.169143132938
HM-14860,10,8236.7648,2437.9836,35,1,0.172728698721
KD-16495,12,8181.256,3038.6254,36,1,0.176290100835
SB-20290,7,8057.891,-2082.7451,37,1,0.179797800636
ZC-21910,13,8025.707,-1032.149,38,1,0.183291490342
JH-15985,6,7954.998,-644.6982,39,1,0.186754399545
NP-18700,7,7903.1825,631.2282,40,1,0.190194752819
AH-10690,12,7888.294,1298.0166,41,1,0.193628624944
AB-10060,8,7755.62,2054.5885,42,1,0.197004742433
JE-15610,7,7754.976,1623.4019,43,1,0.200380579581
JW-15220,6,7721.714,2173.7094,44,1,0.203741937368
LC-16885,12,7663.126,1288.3469,45,1,0.207077791072
JM-15865,7,7625.076,1574.6164,46,1,0.21039708114
JD-15895,11,7610.864,1050.2668,47,1,0.213710184549
PO-18850,11,7473.8282,38.4757,48,1,0.216963634575
MS-17365,10,7443.69,844.9355,49,1,0.22020396507
RW-19540,7,7397.401,1586.6273,50,1,0.223424145389
BM-11650,11,7294.185,2199.2781,51,1,0.226599394505
PP-18955,10,7252.608,1495.0854,52,1,0.229756544637
NW-18400,7,7234.014,1023.123,53,1,0.232905600571
Dp-13240,11,7198.761,333.3648,54,1,0.236039310437
FH-14365,8,6987.196,2050.2826,55,1,0.239080923437
RH-19510,6,6979.18,1289.4535,56,1,0.242119046972
PS-19045,7,6843.634,1742.7297,57,1,0.245098165655
BB-11545,9,6765.728,1015.075,58,1,0.24804337089
JE-15745,13,6760.815,221.7967,59,1,0.250986437435
YS-21880,8,6720.444,1778.2923,60,1,0.253911929984
AR-10540,6,6608.448,2884.6208,61,1,0.256788669286
DR-12880,9,6528.034,1641.8613,62,1,0.259630403378
GK-14620,9,6497.27,1448.5525,63,1,0.262458745519
JA-15970,8,6491.026,-819.4217,64,1,0.26528436957
NM-18445,7,6459.344,2751.6849,65,1,0.268096202053
VD-21670,6,6442.254,1617.7874,66,1,0.270900595048
SB-20185,6,6410.996,885.4624,67,1,0.273691381048
JG-15160,11,6366.392,1415.6664,68,1,0.276462750374
DM-13015,7,6345.103,1677.3931,69,1,0.279224852335
CM-12655,6,6339.5576,1572.4585,70,1,0.281984540314
MJ-17740,7,6320.746,1054.5529,71,1,0.28473603937
BH-11710,8,6255.351,802.7898,72,1,0.287459071173
RL-19615,8,6234.91,488.1484,73,1,0.290173204755
WB-21850,11,6160.102,714.3311,74,1,0.292854773488
VW-21775,10,6134.038,-874.6645,75,1,0.295524996239
SD-20485,9,6121.114,1985.1672,76,1,0.298189593012
QJ-19255,9,6108.338,1203.6768,77,1,0.300848628234
AD-10180,8,6106.88,1869.9294,78,1,0.303507028771
CB-12025,10,6076.139,150.2089,79,1,0.30615204737
GM-14695,3,6049.966,188.7235,80,1,0.308785672537
SC-20380,9,5992.536,236.6615,81,2,0.311394297714
KH-16690,7,5990.799,1227.5091,82,2,0.314002166753
RM-19675,5,5979.096,1902.5438,83,2,0.316604941331
KH-16510,7,5952.859,656.1162,84,2,0.319196294618
BF-11170,11,5907.972,1538.2127,85,2,0.321768108037
CP-12340,8,5888.275,-1850.3029,86,2,0.324331347109
BD-11320,12,5718.521,1094.5037,87,2,0.32682069016
CS-12505,6,5690.055,-6626.3895,88,2,0.329297641609
AM-10705,8,5664.022,1085.7326,89,2,0.331763260571
RB-19795,8,5633.316,-461.7332,90,2,0.334215512831
KM-16375,8,5620.186,973.7902,91,2,0.336662049438
AA-10315,5,5563.56,-362.8825,92,2,0.339083936047
SM-20950,12,5563.392,581.5742,93,2,0.341505749522
NP-18325,6,5529.62,1208.889,94,2,0.343912861628
AC-10450,7,5527.846,1366.0098,95,2,0.346319201489
MH-18115,9,5503.093,170.9746,96,2,0.348714766063
DP-13390,9,5480.724,1571.8318,97,2,0.351100593134
EP-13915,17,5478.0608,144.9578,98,2,0.353485260881
YC-21895,5,5454.35,1305.629,99,2,0.355859607023
SP-20620,9,5440.319,-270.4282,100,2,0.358227845297
LW-17215,7,5420.514,837.2411,101,2,0.360587462209
CP-12085,8,5402.254,427.0258,102,2,0.362939130317
TS-21205,7,5371.09,862.8877,103,2,0.365277232349
TT-21460,7,5364.808,1124.4999,104,2,0.367612599749
MW-18220,7,5341.9,1238.422,105,2,0.369937995012
TP-21415,5,5329.0048,-1087.3898,106,2,0.372257776836
TW-21025,7,5278.826,737.3905,107,2,0.374555715205
DW-13480,5,5271.628,1348.7556,108,2,0.376850520197
MW-18235,2,5253.876,1665.516,109,2,0.379137597522
HR-14830,7,5248.787,1196.9504,110,2,0.381422459543
SC-20725,11,5226.21,1276.6513,111,2,0.383697493516
RP-19390,12,5153.084,465.2503,112,2,0.385940694835
LR-16915,6,5142.892,535.4764,113,2,0.38817945945
MP-18175,9,5087.92,226.4529,114,2,0.390394294073
AA-10645,6,5086.935,857.8033,115,2,0.392608699912
IL-15100,7,5040.736,1121.937,116,2,0.394802994755
KL-16555,8,5016.488,-182.7813,117,2,0.396986734143
LB-16795,8,4985.676,-52.191,118,2,0.399157060685
DH-13075,6,4932.872,1193.7404,119,2,0.401304400992
IM-15070,7,4930.474,514.6527,120,2,0.403450697419
TT-21070,7,4915.602,751.9567,121,2,0.405590519881
KM-16720,8,4909.472,745.7685,122,2,0.407727673878
PO-19180,9,4893.043,1155.4331,123,2,0.409857676127
HK-14890,8,4877.784,956.9451,124,2,0.411981035945
AJ-10780,7,4867.344,150.713,125,2,0.414099851101
JK-15730,10,4867.2,55.0483,126,2,0.416218603573
AH-10210,9,4805.344,1308.5546,127,2,0.418310429361
DK-13225,9,4802.394,209.8994,128,2,0.420400970977
RA-19915,9,4793.543,304.8673,129,2,0.422487659644
SA-20830,10,4767.3415,610.1496,130,2,0.424562942473
JK-15640,9,4760.434,1172.5303,131,2,0.426635218381
BW-11110,8,4750.358,921.2574,132,2,0.428703108082
TB-21520,9,4737.486,-1603.0451,133,2,0.430765394442
GB-14575,5,4716.288,1135.8393,134,2,0.43281845305
RB-19465,12,4715.466,640.5466,135,2,0.434871153831
ES-14080,9,4657.924,246.6661,136,2,0.436898805866
DB-13270,8,4655.897,841.8264,137,2,0.438925575523
KT-16480,10,4642.0884,194.0671,138,2,0.440946334126
SC-20050,9,4624.572,1011.7443,139,2,0.442959467622
EM-14140,6,4588.436,1319.3655,140,2,0.44495687067
DB-13060,7,4531.646,473.0272,141,2,0.446929552327
AR-10825,8,4523.336,494.8352,142,2,0.448898616539
AG-10900,10,4510.797,343.6824,143,2,0.450862222368
AJ-10795,7,4501.391,1158.7064,144,2,0.452821733649
LC-16930,8,4492.946,288.266,145,2,0.454777568716
SC-20770,7,4492.657,-671.1874,146,2,0.456733277979
TP-21130,9,4454.056,1129.1261,147,2,0.458672183747
MC-17425,5,4432.138,1802.3903,148,2,0.460601548339
JK-15205,5,4427.142,1219.983,149,2,0.46252873811
KW-16435,5,4416.52,1756.135,150,2,0.464451303993
BD-11500,6,4411.243,1142.1225,151,2,0.466371572732
AI-10855,10,4375.786,867.7271,152,2,0.4682764066
SC-20230,4,4371.958,440.141,153,2,0.470179574092
EB-13840,5,4358.128,656.1988,154,2,0.472076721214
GZ-14470,9,4355.15,1087.7539,155,2,0.473972571975
SR-20740,8,4345.886,1990.4244,156,2,0.475864390003
ND-18370,9,4326.139,353.6455,157,2,0.477747611916
MA-17560,11,4299.161,1240.2266,158,2,0.479619089972
SP-20860,10,4282.94,566.7226,159,2,0.481483506826
DK-12895,5,4282.176,937.6496,160,2,0.4833475911
RD-19480,8,4272.93,480.594,161,3,0.485207650477
TC-21295,8,4266.812,606.3727,162,3,0.487065046612
AS-10225,5,4260.784,719.7751,163,3,0.488919818685
FH-14275,10,4256.272,1073.2676,164,3,0.490772626627
CB-12535,8,4246.4555,1049.5601,165,3,0.492621161326
TH-21550,7,4234.096,-571.9678,166,3,0.494464315781
BE-11335,5,4204.676,1487.7739,167,3,0.496294663346
JF-15565,8,4198.332,1073.2088,168,3,0.498122249288
GH-14425,4,4172.846,1176.4181,169,3,0.49993874086
RS-19765,8,4159.77,1206.3851,170,3,0.501749540286
MY-18295,11,4152.696,-371.7111,171,3,0.503557260312
PM-19135,4,4115.662,526.7537,172,3,0.50534885898
SV-20785,9,4105.305,485.0272,173,3,0.507135949117
DM-13345,8,4074.472,1319.0586,174,3,0.508909617267
FP-14320,8,4046.746,406.4473,175,3,0.510671215945
SP-20920,6,3990.689,14.6924,176,3,0.512408412317
CM-12715,4,3984.4524,176.3108,177,3,0.51414289382
MP-17965,9,3983.642,638.1563,178,3,0.515877022545
SC-20305,7,3979.065,229.1617,179,3,0.517609158846
SJ-20125,12,3949.656,144.1189,180,3,0.519328493044
LF-17185,7,3930.509,-3583.977,181,3,0.521039492317
PW-19240,7,3922.415,1290.354,182,3,0.52274696817
GA-14515,8,3919.776,840.899,183,3,0.524453295235
KH-16630,9,3918.966,727.3786,184,3,0.526159269696
CC-12220,12,3913.418,393.9618,185,3,0.527862829044
DB-13555,7,3908.8028,109.327,186,3,0.529564379338
NP-18670,5,3908.402,514.6002,187,3,0.531265755159
KC-16540,4,3908.262,709.4219,188,3,0.532967070037
FC-14335,7,3889.366,714.2926,189,3,0.534660159251
BS-11380,5,3887.834,-17.5322,190,3,0.536352581567
JS-15880,5,3868.02,564.9798,191,3,0.538036378603
RA-19885,7,3832.314,1292.8656,192,3,0.539704632375
AT-10735,10,3831.864,974.107,193,3,0.541372690256
OT-18730,5,3818.624,-925.1203,194,3,0.543034984602
RO-19780,7,3815.478,-1262.5716,195,3,0.544695909454
MC-17845,7,3805.714,698.4174,196,3,0.546352583916
MM-17920,11,3794.08,82.125,197,3,0.548004193954
CA-11965,6,3789.7228,1143.3817,198,3,0.549653907249
MG-17650,7,3785.276,341.898,199,3,0.551301684797
MD-17350,7,3766.382,-241.95,200,3,0.552941237552
JK-15625,7,3760.028,750.9485,201,3,0.554578024332
JK-16090,3,3747.668,586.6625,202,3,0.556209430652
FM-14290,9,3736.198,198.1095,203,3,0.557835843938
SC-20260,8,3729.793,671.0034,204,3,0.559459469048
HG-15025,7,3690.284,804.6113,205,3,0.561065895401
BP-11185,9,3675.861,363.5991,206,3,0.562666043243
LP-17095,7,3653.399,338.4454,207,3,0.564256413099
CS-12400,9,3651.8585,-342.8033,208,3,0.565846112355
EB-13705,9,3644.978,13.6215,209,3,0.567432816445
JP-15520,7,3635.594,757.1802,210,3,0.569015435563
SZ-20035,11,3625.329,366.4303,211,3,0.5705935862
RH-19495,5,3621.376,563.7877,212,3,0.572170016047
TB-21175,4,3589.296,829.1635,213,3,0.573732481072
GM-14440,7,3582.82,347.266,214,3,0.575292127014
DL-13495,8,3539.322,-52.788,215,3,0.576832837738
ES-14020,5,3510.458,1003.2935,216,3,0.578360983604
RW-19690,5,3495.646,707.5503,217,3,0.579882681624
AG-10675,7,3489.0396,-246.4257,218,3,0.581401503796
ED-13885,8,3484.92,670.4435,219,3,0.582918532655
PW-19030,10,3454.916,803.8169,220,3,0.584422500401
SF-20200,9,3422.786,286.9046,221,3,0.58591248156
FC-14245,7,3418.742,1217.1662,222,3,0.587400702316
SH-19975,13,3406.8395,558.474,223,3,0.588883741765
SG-20080,3,3406.581,570.438,224,3,0.590366668687
TS-21655,5,3368.094,220.9163,225,3,0.59183284174
SC-20020,5,3362.9636,-317.0508,226,3,0.593296781467
VP-21760,7,3360.526,-1018.7768,227,3,0.594759660077
DJ-13630,3,3356.398,731.5644,228,3,0.596220741717
DV-13465,6,3341.587,353.2127,229,3,0.597675375945
SF-20965,9,3336.535,539.9352,230,3,0.599127810974
DC-12850,9,3336.168,-1441.6313,231,3,0.600580086245
AP-10915,10,3323.556,579.3113,232,3,0.602026871355
DK-13375,8,3318.486,377.0799,233,3,0.603471449431
KH-16330,8,3312.864,454.7871,234,3,0.604913580181
RF-19345,8,3309.15,633.7072,235,3,0.606354094181
RR-19525,6,3302.262,721.6826,236,3,0.60779160975
BD-11605,7,3288.471,634.8463,237,3,0.609223121925
BS-11665,3,3288.11,238.7368,238,3,0.610654476952
RW-19630,9,3279.746,698.8325,239,3,0.612082191026
DL-12925,6,3272.2,4.2132,240,3,0.613506620233
DK-12835,12,3256.48,881.1228,241,4,0.61492420633
AS-10090,9,3255.31,64.5374,242,4,0.616341283111
JO-15145,9,3254.949,581.4045,243,4,0.617758202744
AH-10075,10,3250.337,281.189,244,4,0.619173114716
HG-14965,12,3247.642,-2797.9635,245,4,0.620586853521
LC-16960,4,3246.626,299.4802,246,4,0.622000150049
CT-11995,8,3241.898,161.2263,247,4,0.62341138842
EB-13750,10,3236.314,-80.286,248,4,0.624820196007
SR-20425,5,3233.481,-3333.9144,249,4,0.626227770354
LW-16990,6,3230.308,662.8339,250,4,0.627633963454
RS-19420,5,3221.29,633.4514,251,4,0.629036230907
AS-10285,6,3214.236,354.6276,252,4,0.630435427667
MP-17470,7,3206.132,600.2873,253,4,0.631831096655
CS-12355,11,3202.162,831.9432,254,4,0.633225037453
BT-11680,7,3196.752,447.7484,255,4,0.634616623211
DG-13300,5,3195.818,562.7761,256,4,0.636007802387
JL-15505,6,3173.874,591.7163,257,4,0.637389429068
GM-14680,6,3163.628,35.4865,258,4,0.638766595538
JM-15250,6,3159.122,19.8235,259,4,0.64014180049
CK-12205,13,3154.855,141.2831,260,4,0.641515147965
KB-16240,7,3152.615,763.9076,261,4,0.642887520339
MS-17770,9,3144.678,280.8584,262,4,0.64425643764
RD-19900,9,3133.924,455.5292,263,4,0.645620673591
TN-21040,7,3130.221,-692.0452,264,4,0.64698329758
SN-20710,7,3127.9592,481.7499,265,4,0.648344936979
SG-20605,6,3124.832,463.269,266,4,0.64970521507
KH-16360,6,3100.612,528.2051,267,4,0.651054949894
PG-18820,13,3086.907,137.4613,268,4,0.652398718763
EH-14125,10,3082.653,96.2702,269,4,0.653740635812
GM-14455,6,3078.624,793.2814,270,4,0.655080798987
EB-14110,6,3071.126,184.7656,271,4,0.656417698191
MG-18145,4,3061.543,-93.603,272,4,0.657750425795
TG-21310,5,3058.372,682.1704,273,4,0.659081773025
KT-16465,7,3057.1,254.0032,274,4,0.660412566536
SS-20410,6,3056.807,-1010.9738,275,4,0.661743232501
SL-20155,7,3053.012,527.9715,276,4,0.663072246456
AS-10045,7,3050.692,-253.5746,277,4,0.664400250486
CA-12775,7,3041.566,204.4895,278,4,0.665724281855
CS-11950,11,3036.547,-126.4223,279,4,0.667046128391
LS-16975,9,2988.674,262.6367,280,4,0.668347135217
MH-18025,5,2984.948,476.9032,281,4,0.669646520069
FA-14230,7,2984.054,520.5229,282,4,0.670945515752
DB-13120,7,2973.094,-1421.7692,283,4,0.672239740411
NS-18640,13,2964.823,-234.7714,284,4,0.673530364601
TM-21010,8,2955.226,573.3013,285,4,0.674816811098
CK-12325,5,2945.321,261.2209,286,4,0.676098945826
TH-21115,4,2942.772,-252.5539,287,4,0.677379970943
LT-17110,8,2936.252,320.973,288,4,0.678658157823
BC-11125,9,2933.676,251.5974,289,4,0.679935223338
JK-16120,10,2932.484,122.6566,290,4,0.681211769961
SW-20455,7,2921.544,793.6548,291,4,0.682483554266
ML-17410,6,2921.5,-76.1755,292,4,0.683755319417
RD-19585,10,2912.894,734.5158,293,4,0.68502333827
CY-12745,8,2900.026,60.6467,294,4,0.686285755523
ND-18460,6,2893.455,443.3368,295,4,0.687545312339
MT-17815,6,2890.139,509.0068,296,4,0.688803425658
BF-11020,8,2888.506,302.02,297,4,0.690060828113
DS-13180,9,2881.8128,163.6993,298,4,0.691315316934
PV-18985,5,2876.046,434.5284,299,4,0.692567295396
IM-15055,3,2872.63,975.7701,300,4,0.693817786831
CC-12430,10,2870.05,424.6583,301,4,0.69506715516
CC-12685,4,2854.115,850.1591,302,4,0.696309586786
AW-10930,7,2852.968,-104.5486,303,4,0.697551519109
EA-14035,13,2846.705,-52.7406,304,4,0.69879072507
LS-16945,6,2845.27,-318.7737,305,4,0.700029306358
DB-12970,5,2839.2272,213.0029,306,4,0.70126525714
JM-16195,10,2833.926,754.1144,307,4,0.702498900244
CV-12295,5,2830.628,493.0861,308,4,0.703731107688
TS-21610,7,2820.424,-294.6981,309,4,0.704958873204
GH-14410,9,2819.467,-576.8335,310,4,0.706186222126
BG-11035,8,2798.948,-711.4274,311,4,0.707404638873
TB-21625,9,2797.668,379.882,312,4,0.708622498421
RD-19660,5,2786.632,835.772,313,4,0.709835553861
JC-15775,9,2772.055,279.5692,314,4,0.711042263752
PF-19165,6,2770,196.8739,315,4,0.712248079076
EB-13870,10,2767.219,261.5315,316,4,0.713452683796
CS-12250,12,2754.216,738.3626,317,4,0.71465162815
MM-18055,8,2749.881,-520.3443,318,4,0.715848685424
KB-16585,12,2744.742,579.3551,319,4,0.717043505627
LL-16840,6,2741.204,560.0078,320,5,0.718236785696
MC-17275,8,2725.982,461.0014,321,5,0.719423439439
JL-15850,6,2725.256,779.9046,322,5,0.720609777146
ML-17395,9,2722.843,684.9162,323,5,0.721795064444
JK-15370,8,2709.632,330.2838,324,5,0.722974600829
JE-16165,3,2697.248,789.6476,325,5,0.724148746306
BT-11530,5,2684.492,409.4983,326,5,0.725317338938
BO-11350,5,2682.728,278.777,327,5,0.72648516368
FO-14305,10,2678.438,215.5969,328,5,0.727651120931
NH-18610,7,2673.29,760.1666,329,5,0.728814837193
RB-19435,8,2663.086,477.2399,330,5,0.729974111529
EJ-14155,5,2656.691,451.8755,331,5,0.731130602041
DK-13090,7,2650.557,536.3935,332,5,0.732284422347
CA-12265,9,2648.2872,279.6183,333,5,0.733437254581
LC-17140,9,2633.582,231.1252,334,5,0.73458368546
RA-19285,9,2617.906,546.0882,335,5,0.735723292381
KN-16390,9,2617.272,-151.1518,336,5,0.736862623314
SO-20335,6,2602.5755,-81.0858,337,5,0.737995556679
SU-20665,7,2595.364,763.4719,338,5,0.739125350788
HA-14920,8,2584.158,99.1445,339,5,0.740250266787
AG-10270,5,2582.898,732.7399,340,5,0.741374634292
LC-16870,8,2580.704,-188.2511,341,5,0.742498046722
SC-20695,10,2576.408,611.8291,342,5,0.743619589049
NS-18505,4,2575.863,-12.304,343,5,0.744740894132
BT-11305,5,2567.656,417.5918,344,5,0.745858626605
EM-13810,5,2567.01,-133.8275,345,5,0.746976077867
MZ-17515,6,2564.906,787.7503,346,5,0.748092613232
BS-11755,7,2562.382,-113.2984,347,5,0.749208049868
DE-13255,5,2550.874,464.4714,348,5,0.750318476929
CC-12610,7,2540.631,331.434,349,5,0.751424445085
AC-10615,5,2537.686,298.8273,350,5,0.752529131246
CM-12160,6,2533.314,-394.3686,351,5,0.753631914222
HF-14995,7,2533.164,-13.8768,352,5,0.7547346319
FM-14380,9,2523.266,191.4898,353,5,0.755833040857
JB-16045,5,2518.115,201.5185,354,5,0.75692920752
JS-16030,6,2516.494,-311.2575,355,5,0.758024668541
DJ-13510,8,2501.688,345.2521,356,5,0.759113684326
AH-10465,5,2495.3916,-196.1201,357,5,0.760199959211
PO-18865,7,2493.214,437.8533,358,5,0.76128528616
NZ-18565,9,2488.31,402.4236,359,5,0.762368478336
MN-17935,6,2477.946,290.8227,360,5,0.763447158935
BP-11290,7,2475.157,-319.0637,361,5,0.764524625448
CC-12145,7,2471.65,392.2825,362,5,0.76560056532
NC-18340,5,2461.404,580.3075,363,5,0.766672044982
FM-14215,10,2456.638,249.6808,364,5,0.767741449944
MH-17455,8,2456.182,484.7733,365,5,0.768810656404
BS-11590,6,2454.928,381.7807,366,5,0.769879316983
VM-21685,7,2454.866,513.5269,367,5,0.770947950572
GZ-14545,4,2454.622,828.661,368,5,0.772016477945
MA-17995,6,2453.284,280.7822,369,5,0.773084422869
BP-11095,12,2442.044,433.9751,370,5,0.774147474883
MC-17590,6,2426.067,288.9841,371,5,0.77520357191
TH-21100,5,2422.824,-135.2125,372,5,0.77625825722
MH-17290,6,2394.025,28.7612,373,5,0.777300405967
DF-13135,3,2390.534,-259.3097,374,5,0.77834103504
XP-21865,11,2374.658,621.23,375,5,0.779374753092
CK-12595,11,2372.75,497.7098,376,5,0.780407640569
JF-15415,6,2371.448,635.6376,377,5,0.781439961269
CV-12805,9,2370.3136,98.9975,378,5,0.782471788151
NR-18550,5,2367.277,-25.1488,379,5,0.783502293163
JG-15115,3,2358.676,684.1911,380,5,0.784529054053
AG-10495,8,2356.855,295.6668,381,5,0.785555022239
CL-12700,5,2353.586,229.0099,382,5,0.786579567389
MG-17680,4,2350.188,25.8886,383,5,0.787602633347
RF-19735,7,2341.296,711.6168,384,5,0.788621828508
EM-13825,8,2339.598,682.5542,385,5,0.789640284508
DB-13210,10,2332.577,169.9679,386,5,0.79065568418
CM-12235,5,2305.712,365.0387,387,5,0.791659389185
MK-17905,8,2302.368,-405.3559,388,5,0.792661638505
LH-16900,9,2295.332,526.0727,389,5,0.793660824967
KN-16705,8,2280.58,329.7625,390,5,0.7946535897
JF-15190,7,2279.586,575.1259,391,5,0.795645921733
FH-14350,4,2271.284,706.289,392,5,0.796634639803
CC-12670,7,2269.7015,187.8399,393,5,0.797622668991
BE-11410,5,2261.438,755.9151,394,5,0.798607100974
KM-16225,6,2260.958,635.1057,395,5,0.799591324008
MC-17605,8,2258.192,195.4486,396,5,0.800574342968
JH-16180,4,2256.394,-96.953,397,5,0.801556579236
MY-17380,7,2254.285,319.1211,398,5,0.80253789743
KD-16615,5,2243.51,539.7219,399,6,0.803514525133
TS-21505,6,2243.274,11.3779,400,6,0.804491050103
JG-15310,6,2240.58,3.7976,401,6,0.805466402341
LW-16825,5,2238.061,32.5767,402,6,0.806440658027
AR-10405,5,2236.128,-98.7646,403,6,0.807414072254
GG-14650,9,2224,12.6985,404,6,0.808382207012
NC-18415,6,2218.99,-2204.8072,405,6,0.809348160856
MC-18100,10,2218.98,-64.1668,406,6,0.810314110346
DP-13105,8,2215.002,563.1761,407,6,0.811278328164
PF-19225,5,2206.128,591.3118,408,6,0.812238683019
MH-17785,7,2203.778,238.5614,409,6,0.81319801489
JL-15235,5,2203.7,54.5174,410,6,0.814157312807
JR-16210,5,2201.686,452.373,411,6,0.815115734005
EN-13780,4,2199.366,496.1131,412,6,0.816073145278
TB-21280,6,2198.45,490.9567,413,6,0.817030157805
GW-14605,7,2189.019,-268.5423,414,6,0.8179830649
BT-11395,6,2186.613,257.9163,415,6,0.818934924634
PS-18760,6,2181.479,-134.441,416,6,0.819884549475
SH-20395,10,2180.718,-144.5229,417,6,0.820833843042
KN-16450,5,2171.962,114.3083,418,6,0.821779325014
DB-12910,8,2171.599,431.3748,419,6,0.822724648968
RP-19855,8,2170.716,594.5868,420,6,0.823669588541
TS-21160,6,2163.624,260.8744,421,6,0.824611440879
HA-14905,7,2163.3,270.8574,422,6,0.825553152175
EJ-13720,4,2162.174,387.0176,423,6,0.82649437331
NM-18520,10,2161.979,788.9525,424,6,0.827435509558
JD-15790,5,2152.352,-266.5525,425,6,0.828372455054
CR-12580,4,2148.852,74.4013,426,6,0.829307876957
DN-13690,7,2139.79,540.5405,427,6,0.830239354059
KC-16255,6,2120.954,846.1217,428,6,0.831162631617
SH-20635,2,2096.392,260.6258,429,6,0.832075217032
LC-17050,5,2095.064,86.778,430,6,0.832987224352
RH-19600,3,2085.74,172.6261,431,6,0.833895172819
TG-21640,4,2074.661,365.7205,432,6,0.83479829846
ML-17755,7,2071.914,409.5112,433,6,0.835700228298
RB-19705,4,2067.45,243.0755,434,6,0.836600214902
TS-21430,5,2054.14,48.7017,435,6,0.837494407498
AF-10870,7,2052.908,317.9712,436,6,0.838388063788
CD-11920,5,2033.968,426.661,437,6,0.839273475263
NF-18595,7,2031.472,388.2131,438,6,0.840157800197
DJ-13420,4,2012.52,483.035,439,6,0.841033875091
VB-21745,6,2005.596,371.2398,440,6,0.841906935882
HP-14815,7,1990.314,373.8637,441,6,0.842773344229
DB-13615,7,1989.05,438.8012,442,6,0.843639202341
PG-18895,9,1987.164,334.5163,443,6,0.844504239454
NB-18655,9,1972.599,117.6429,444,6,0.845362936242
SW-20275,6,1966.65,332.8725,445,6,0.846219043356
LD-17005,4,1961.934,557.1714,446,6,0.847073097537
CB-12415,8,1949.2,272.3883,447,6,0.847921608451
TP-21565,4,1936.64,139.2287,448,6,0.84876465184
JO-15280,6,1934.272,202.1362,449,6,0.84960666441
JF-15355,6,1911.844,330.199,450,6,0.850438913794
ME-17725,8,1908.4532,77.8128,451,6,0.85126968712
SV-20935,8,1903.491,106.8912,452,6,0.852098300339
KD-16345,6,1888.964,328.5942,453,6,0.852920589776
GD-14590,4,1888.07,230.9373,454,6,0.853742490042
SG-20470,8,1884.798,-119.0105,455,6,0.854562965967
LR-17035,5,1879.306,-382.8079,456,6,0.855381051156
SC-20440,7,1874.998,379.5611,457,6,0.856197261019
BG-11695,6,1874.172,107.5715,458,6,0.857013111314
SP-20650,9,1872.436,268.4782,459,6,0.857828205907
NG-18355,5,1869.58,313.6335,460,6,0.858642057248
CD-12790,5,1860.732,403.8422,461,6,0.859452056945
SN-20560,6,1860.418,-716.8565,462,6,0.860261919953
PR-18880,5,1840.178,247.6226,463,6,0.861062972239
AJ-10945,7,1839.24,521.1352,464,6,0.861863616202
PC-18745,4,1832.064,272.685,465,6,0.862661136363
EG-13900,5,1832.02,104.2656,466,6,0.86345863737
PJ-19015,7,1824.234,682.9979,467,6,0.864252749035
NC-18625,5,1821.742,-359.021,468,6,0.865045775902
JM-15265,5,1804.146,502.6143,469,6,0.865831143011
JB-15400,10,1791.605,156.0532,470,6,0.866611050868
AA-10480,4,1790.512,435.8274,471,6,0.867390482929
CC-12100,6,1770.945,208.5912,472,6,0.868161397232
DS-13030,4,1762.213,193.3319,473,6,0.868928510387
MF-18250,5,1758.3,456.8608,474,6,0.869693920165
AH-10030,7,1744.7,365.2152,475,6,0.870453409694
LH-17155,9,1739.689,316.5202,476,6,0.871210717873
BW-11200,6,1738.406,246.9973,477,6,0.871967467546
VT-21700,2,1736.596,-224.0889,478,7,0.872723429304
AH-10120,7,1735.514,-2.3146,479,7,0.873478920053
MV-18190,7,1734.574,273.8582,480,7,0.874234001609
JM-15535,7,1733.443,356.5395,481,7,0.874988590827
BE-11455,6,1727.652,139.2008,482,7,0.87574065915
DB-13405,4,1711.692,438.9092,483,7,0.876485779888
JP-16135,9,1707.71,309.7116,484,7,0.877229167212
TZ-21580,4,1707.286,224.8887,485,7,0.877972369964
BP-11155,6,1697.861,647.3847,486,7,0.878711469896
DK-12985,5,1687.04,-107.3538,487,7,0.879445859313
MO-17800,8,1687.027,169.3437,488,7,0.88018024307
RA-19945,5,1686.9225,-445.695,489,7,0.880914581338
KE-16420,8,1686.7312,397.8799,490,7,0.88164883633
CA-12055,5,1679.724,211.2559,491,7,0.882380041001
CM-11815,6,1673.888,214.463,492,7,0.88310870519
JP-15460,7,1669.135,429.7465,493,7,0.883835300338
CM-12115,4,1661.61,409.0679,494,7,0.884558619761
CC-12475,9,1659.438,154.851,495,7,0.885280993685
EB-13975,4,1643.255,162.8781,496,7,0.885996322949
AP-10720,8,1638.554,285.7888,497,7,0.886709605809
AZ-10750,6,1622.018,154.9503,498,7,0.887415690343
MS-17710,6,1613.402,247.4348,499,7,0.888118024226
TB-21250,7,1602.376,260.6155,500,7,0.888815558355
CR-12730,4,1600.55,306.9176,501,7,0.889512297603
AH-10195,4,1587.452,-378.5509,502,7,0.890203335129
BF-11215,4,1585.162,523.2133,503,7,0.89089337579
CK-12760,9,1582.109,-338.4311,504,7,0.891582087442
MC-18130,5,1581.998,121.7565,505,7,0.892270750775
JL-15175,5,1571.523,209.2817,506,7,0.89295485421
KB-16315,9,1569.464,49.7193,507,7,0.893638061337
GB-14530,11,1568.44,7.8371,508,7,0.894320822704
ON-18715,9,1567.52,-5.889,509,7,0.895003183584
MV-17485,9,1560.05,189.0258,510,7,0.89568229268
MB-17305,10,1548.702,212.425,511,7,0.896356461851
BD-11620,6,1538.11,206.7569,512,7,0.897026020194
CH-12070,3,1537.236,195.1511,513,7,0.897695198073
BD-11725,6,1526.5,333.9791,514,7,0.898359702438
BV-11245,5,1523.273,315.2214,515,7,0.899022802051
KA-16525,7,1519.506,234.9194,516,7,0.899684261841
AB-10600,4,1515.862,-274.9604,517,7,0.900344135353
JG-15805,6,1507.018,206.1019,518,7,0.901000158963
DL-12865,8,1503.112,322.2449,519,7,0.901654482242
ZD-21925,5,1493.944,249.1307,520,7,0.902304814577
CM-12190,6,1475.144,91.2033,521,7,0.90294696304
LE-16810,6,1469.45,161.7649,522,7,0.903586632833
TB-21055,5,1467.881,390.2113,523,7,0.904225619622
PN-18775,8,1467.152,192.0396,524,7,0.904864289067
RK-19300,3,1460.192,269.688,525,7,0.905499928739
BN-11515,5,1459.344,340.7054,526,7,0.906135199265
DL-13315,8,1458.258,288.8732,527,7,0.906769997042
PB-19150,8,1456.95,280.6606,528,7,0.907404225431
AG-10525,4,1455.038,-152.7613,529,7,0.908037621502
RM-19375,6,1453.474,392.1499,530,7,0.908670336745
PK-18910,2,1441.152,-798.705,531,7,0.909297688069
TD-20995,9,1434.548,88.1897,532,7,0.909922164589
JW-16075,4,1428.731,154.0637,533,7,0.910544108897
MB-18085,7,1428.231,117.8057,534,7,0.911165835549
TT-21220,8,1427.044,278.7371,535,7,0.911787045486
CA-12310,4,1421.954,246.0218,536,7,0.912406039682
RD-19720,10,1419.737,207.3304,537,7,0.91302406879
NL-18310,4,1418.09,343.6381,538,7,0.91364138094
JS-15595,4,1417.654,-175.549,539,7,0.914258503292
PM-18940,3,1405.402,157.8768,540,7,0.914870292198
GA-14725,11,1398.382,136.7079,541,7,0.91547902521
CR-12820,3,1397.8724,83.2703,542,7,0.916087536388
NG-18430,5,1395.938,217.0893,543,7,0.916695205497
JE-15475,6,1388.682,276.2197,544,7,0.917299715979
TB-21595,5,1387.559,-136.4091,545,7,0.917903737606
FG-14260,7,1383.144,394.7397,546,7,0.918505837328
DM-13525,3,1376.792,199.7688,547,7,0.919105171946
GH-14485,2,1361.244,-95.4498,548,7,0.919697738327
SB-20170,3,1348.02,157.6658,549,7,0.920284548137
LM-17065,5,1346.774,-44.878,550,7,0.920870815547
MG-17695,3,1342.282,-398.7932,551,7,0.921455127534
SJ-20215,6,1341.036,-23.5137,552,7,0.922038897123
BM-11785,10,1338.842,137.7439,553,7,0.922621711635
BF-11005,4,1333.88,-291.3811,554,7,0.923202366128
SS-20140,8,1324.028,332.3487,555,7,0.923778731923
DM-12955,7,1322.034,108.7583,556,7,0.924354229705
MT-18070,4,1319.4498,-23.6763,557,8,0.924928602553
SJ-20500,5,1318.776,68.0963,558,8,0.925502682087
MM-17260,4,1314.023,178.402,559,8,0.926074692581
SP-20545,6,1306.086,-118.7757,560,8,0.926643248001
MC-17575,8,1303.893,210.7493,561,8,0.927210848781
EK-13795,4,1303.478,97.1066,562,8,0.927778268907
Co-12640,5,1300.076,205.6282,563,8,0.928344208099
DO-13435,9,1300.0315,-38.9086,564,8,0.92891012792
HR-14770,5,1299.288,185.5794,565,8,0.929475724087
GR-14560,2,1284.38,359.8332,566,8,0.930034830616
CS-11845,5,1278.954,185.3776,567,8,0.93059157514
PS-18970,8,1278.639,198.5099,568,8,0.931148182541
SV-20815,4,1271.09,199.6502,569,8,0.931701503769
DO-13645,7,1267.316,294.0676,570,8,0.932253182127
CL-11890,4,1262.014,328.0847,571,8,0.93280255246
LW-17125,3,1259.04,192.6312,572,8,0.933350628173
ME-18010,4,1256.944,107.3604,573,8,0.933897791471
GM-14500,10,1255.682,441.3185,574,8,0.934444405405
SC-20680,6,1254.64,370.1578,575,8,0.934990565744
MH-17620,4,1252.8,122.3612,576,8,0.935535925108
ER-13855,3,1245.788,-295.7398,577,8,0.936078232062
TC-21475,9,1244.976,119.104,578,8,0.936620185541
JW-15955,7,1244.086,-29.5759,579,8,0.937161751593
MG-17875,5,1242.833,-470.7684,580,8,0.937702772198
NP-18685,6,1228.698,514.5017,581,8,0.938237639663
PJ-18835,8,1220.09,442.1355,582,8,0.938768759959
EH-14005,7,1219.53,-94.1408,583,8,0.939299636479
JL-15130,6,1214.956,-207.7956,584,8,0.939828521881
CD-12280,2,1205.584,233.0274,585,8,0.940353327535
MD-17860,5,1204.91,-4.0403,586,8,0.940877839789
DW-13585,7,1204.854,-266.8966,587,8,0.941402327665
EB-14170,6,1186.326,282.1701,588,8,0.941918750073
BP-11230,5,1181.49,-197.2695,589,8,0.94243306731
DC-13285,5,1174.618,132.0682,590,8,0.942944393081
AT-10435,6,1171.814,100.8768,591,8,0.943454498235
JR-15670,2,1156.658,-785.1645,592,8,0.943958005795
DB-13660,7,1155.202,177.6735,593,8,0.94446087954
CG-12520,3,1148.78,169.9344,594,8,0.944960957709
KC-16675,4,1146.05,156.7797,595,8,0.945459847476
RD-19810,8,1137.616,318.4625,596,8,0.945955065817
CW-11905,6,1136.592,370.8298,597,8,0.946449838399
JS-15685,4,1131.064,-54.8692,598,8,0.946942204573
DV-13045,5,1119.483,-427.184,599,8,0.947429529395
AB-10165,8,1113.838,220.813,600,8,0.947914396878
TM-21490,3,1094.678,292.521,601,8,0.948390923776
JO-15550,5,1090.838,167.6709,602,8,0.948865779075
SW-20245,7,1085.078,-19.6062,603,8,0.949338126974
JF-15490,11,1082.918,-18.0673,604,8,0.949809534598
DB-13360,5,1081.466,291.0085,605,8,0.950280310149
DW-13195,6,1080.751,-86.8738,606,8,0.950750774451
CS-12490,4,1077.2285,-302.8761,607,8,0.951219705366
PC-19000,2,1061.488,-184.3364,608,8,0.951681784245
DP-13165,2,1058.616,-40.9376,609,8,0.952142612908
JC-15385,1,1058.108,502.9244,610,8,0.952603220432
PO-19195,5,1056.858,-49.7009,611,8,0.953063283815
AA-10375,9,1056.39,277.3824,612,8,0.953523143472
VS-21820,4,1055.981,-262.8093,613,8,0.953982825086
AR-10345,4,1055.694,-221.0544,614,8,0.954442381766
DP-13000,9,1050.636,241.4524,615,8,0.954899736636
DH-13675,4,1043.096,116.667,616,8,0.95535380925
SM-20905,1,1043.041,-237.2885,617,8,0.955807857922
EM-14095,4,1041.042,240.2362,618,8,0.956261036405
TC-21145,1,1038.26,265.5332,619,8,0.956713003848
MK-18160,4,1031.602,227.8338,620,8,0.957162072982
TH-21235,8,1022.201,92.729,621,8,0.957607049743
SW-20350,3,1019.044,95.8383,622,8,0.958050652224
LS-17200,6,1010.256,244.197,623,8,0.958490429179
RB-19330,2,1008.196,-164.4062,624,8,0.958929309391
LS-17245,6,1008.136,348.3584,625,8,0.959368163484
BG-11740,6,1006.356,119.3479,626,8,0.959806242721
VP-21730,3,993.902,205.3888,627,8,0.960238900577
KB-16600,7,983.922,293.5524,628,8,0.960667214016
BP-11050,5,983.42,209.783,629,8,0.961095308928
TS-21340,5,974.782,-184.9789,630,8,0.961519643612
RD-19930,4,970.942,35.0574,631,8,0.961942306696
AB-10150,5,966.71,313.6597,632,8,0.962363127537
RC-19825,6,966.409,63.9914,633,8,0.96278381735
SS-20875,5,964.636,-75.586,634,8,0.963203735354
JH-15910,7,959.477,-13.5545,635,8,0.963621407582
JF-15295,5,955.124,97.289,636,9,0.964037184894
RP-19270,4,954.6452,59.5384,637,9,0.964452753779
BS-11800,2,949.43,194.0516,638,9,0.964866052423
RF-19840,8,945.222,280.0261,639,9,0.965277519272
EB-13930,5,944.6,0.6042,640,9,0.965688715357
MF-17665,5,937.039,-341.5265,641,9,0.966096620045
EM-13960,5,933.704,102.296,642,9,0.966503072966
AC-10420,3,925.8,-62.1342,643,9,0.966906085178
EH-14185,6,923.884,242.1107,644,9,0.967308263331
MO-17500,4,922.487,59.3577,645,9,0.967709833353
AB-10255,9,914.532,264.5675,646,9,0.968107940465
KB-16405,3,908.821,274.297,647,9,0.968503561508
CG-12040,6,904.468,86.5106,648,9,0.968897287636
SC-20575,5,902.728,100.2253,649,9,0.969290256321
JB-15925,3,900.552,-286.9808,650,9,0.969682277765
HZ-14950,5,886.52,-130.3879,651,9,0.970068190906
AB-10015,3,886.156,129.3465,652,9,0.970453945594
RC-19960,6,885.752,10.5633,653,9,0.970839524415
CS-12130,4,884.64,143.8339,654,9,0.971224619169
HE-14800,4,883.532,274.4028,655,9,0.971609231597
SK-19990,3,883.409,168.7933,656,9,0.971993790481
RE-19450,5,876.696,209.2294,657,9,0.972375427114
JM-15655,5,864.947,117.204,658,9,0.972751949261
JR-15700,1,863.88,107.985,659,9,0.973128006929
AF-10885,4,861.565,-163.1175,660,9,0.97350305685
JC-16105,5,858.576,201.5952,661,9,0.973876805622
MS-17980,6,855.116,55.226,662,9,0.974249048212
VF-21715,5,847.944,-96.278,663,9,0.974618168743
VG-21790,6,846.01,143.6268,664,9,0.974986447379
CS-12175,5,844.458,113.1405,665,9,0.97535405041
TB-21355,5,834.328,268.967,666,9,0.975717243727
AS-10630,7,833.398,136.4919,667,9,0.976080032204
EH-13990,6,825.95,150.3759,668,9,0.976439578473
TB-21190,4,816.174,179.0038,669,9,0.976794869129
AM-10360,5,814.012,194.9878,670,9,0.977149218639
BM-11575,6,808.162,95.5816,671,9,0.977501021572
DK-13150,2,797.832,249.9447,672,9,0.977848327728
MC-17635,4,795.154,-247.9435,673,9,0.978194468117
BF-11275,3,791.99,25.8702,674,9,0.978539231178
HG-14845,5,785.628,147.0032,675,9,0.978881224782
MG-17890,9,776.384,171.7372,676,9,0.979219194357
MM-18280,9,775.414,58.8916,677,9,0.97955674168
SF-20065,7,763.546,228.1623,678,9,0.979889122715
SW-20755,2,758.696,68.2416,679,9,0.980219392485
LP-17080,4,756.606,110.7813,680,9,0.980548752453
Dl-13600,5,755.602,175.2388,681,9,0.980877675366
IG-15085,4,744.574,320.4982,682,9,0.981201797655
BB-10990,5,744.34,11.5839,683,9,0.98152581808
TC-21535,7,742.558,217.933,684,9,0.981849062779
ML-18040,3,742.082,138.7162,685,9,0.982172100269
RH-19555,2,740.382,0.3057,686,9,0.982494397728
PB-18805,3,740.356,229.2257,687,9,0.982816683869
AH-10585,4,738.504,83.963,688,9,0.983138163811
HM-14980,4,736.276,117.2755,689,9,0.983458673877
PH-18790,1,729.648,47.8878,690,9,0.983776298693
PA-19060,6,729.408,225.8588,691,9,0.984093819034
JJ-15445,5,709.178,200.5558,692,9,0.984402533005
JD-16060,3,695.442,111.1141,693,9,0.984705267525
PB-19105,4,688.324,218.1597,694,9,0.985004903491
EH-13945,8,684.171,53.5398,695,9,0.985302731605
TR-21325,5,675.942,220.3644,696,9,0.985596977534
AG-10330,5,660.972,-5.1371,697,9,0.985884706836
BK-11260,6,659.138,-63.7644,698,9,0.986171637775
BD-11770,6,658.466,141.265,699,9,0.986458276184
AC-10660,5,657.316,-28.7004,700,9,0.986744413984
AW-10840,4,649.376,65.7725,701,9,0.987027095403
LO-17170,5,644.35,150.1712,702,9,0.987307588943
JB-16000,7,644.1188,126.7649,703,9,0.987587981838
CD-11980,3,639.766,-206.7172,704,9,0.987866479905
MR-17545,4,639.178,162.9363,705,9,0.988144722009
AJ-10960,3,629.248,60.4265,706,9,0.988418641461
RR-19315,2,615.932,-73.835,707,9,0.988686764293
SS-20515,3,613.4,199.9345,708,9,0.988953784913
BT-11440,4,603.876,-77.5256,709,9,0.989216659619
BF-10975,7,599.798,227.4384,710,9,0.989477759121
MZ-17335,4,593.606,85.0191,711,9,0.989736163168
DL-13330,4,585.02,222.6812,712,9,0.989990829623
AS-10240,7,584.608,33.7158,713,9,0.99024531673
BD-11635,3,582.646,141.534,714,9,0.990498949754
NK-18490,7,572.048,121.2177,715,10,0.990747969336
CM-11935,2,565.392,-43.7324,716,10,0.99099409148
CS-12460,2,550.644,156.2593,717,10,0.991233793636
CS-11860,6,537.632,105.8275,718,10,0.991467831508
JH-15820,6,528.91,26.0822,719,10,0.991698072585
RB-19570,5,528.546,76.8879,720,10,0.991928155208
AY-10555,4,497.014,103.3499,721,10,0.992144511561
CR-12625,3,475.9,144.7594,722,10,0.992351676728
MS-17530,4,475.656,84.0268,723,10,0.992558735679
JS-15940,5,469.169,-327.9336,724,10,0.992762970758
EC-14050,5,461.914,96.4256,725,10,0.992964047646
KM-16660,5,453.538,91.1391,726,10,0.993161478358
KW-16570,4,449.096,107.927,727,10,0.993356975411
TT-21265,3,439.5,93.9162,728,10,0.993548295207
ST-20530,7,433.34,84.4419,729,10,0.993736933479
VG-21805,5,427.372,-52.333,730,10,0.993922973806
SS-20590,6,418.49,135.5401,731,10,0.994105147689
BT-11485,2,415.196,126.8694,732,10,0.994285887653
MH-17440,4,400.016,61.4286,733,10,0.994460019574
BW-11065,3,385.516,-58.2866,734,10,0.994627839466
JD-16015,6,385.43,26.7605,735,10,0.994795621921
JK-15325,3,383.812,55.3277,736,10,0.994962700041
VM-21835,5,380.69,116.6373,737,10,0.995128419115
NF-18475,4,377.162,85.9278,738,10,0.995292602407
MS-17830,4,370.348,19.4312,739,10,0.995453819481
LS-17230,3,368.88,39.1952,740,10,0.995614397516
AG-10300,4,367.548,59.2884,741,10,0.995774395714
EM-14200,3,366.822,21.7721,742,10,0.995934077877
HJ-14875,5,358.1,98.6548,743,10,0.996089963244
DW-13540,5,344.08,69.6672,744,10,0.996239745531
LT-16765,3,329.876,59.036,745,10,0.996383344642
BD-11560,2,320.54,116.714,746,10,0.996522879676
LH-17020,4,318.239,-242.7399,747,10,0.996661413056
JH-15430,4,309.281,-24.0771,748,10,0.996796046908
JM-15580,5,303.948,113.1204,749,10,0.996928359238
CM-12445,3,287.99,64.4296,750,10,0.997053724854
LH-16750,3,287.426,12.6277,751,10,0.997178844953
SC-20845,2,280.632,31.1757,752,10,0.99730100754
SC-20800,4,279.256,51.8252,753,10,0.997422571138
NB-18580,2,273.872,24.7888,754,10,0.997541791013
BF-11080,3,272.95,110.9272,755,10,0.99766060953
DD-13570,6,269.542,36.4344,756,10,0.997777944503
BN-11470,4,265.296,36.6131,757,10,0.997893431139
AR-10510,5,264.864,43.6695,758,10,0.99800872972
HD-14785,3,251.36,-135.876,759,10,0.998118149843
SM-20005,4,244.494,-26.5927,760,10,0.998224581111
PL-18925,5,239.481,-0.7527,761,10,0.998328830157
GP-14740,2,236.53,31.8376,762,10,0.998431794597
EM-14065,4,228.99,40.1546,763,10,0.998531476782
GT-14755,4,226.436,-6.1392,764,10,0.998630047179
RB-19645,5,221.084,72.679,765,10,0.998726287783
HH-15010,2,218.668,86.7342,766,10,0.998821476673
AG-10390,5,200.945,69.2784,767,10,0.998908950522
JJ-15760,2,195,34.4492,768,10,0.998993836438
AG-10765,4,170.584,-8.431,769,10,0.999068093767
ML-18265,2,162.232,42.6648,770,10,0.999138715367
AO-10810,1,161.28,12.096,771,10,0.999208922549
PT-19090,4,160.572,-20.0508,772,10,0.999278821531
DA-13450,4,156.76,56.7904,773,10,0.999347061101
MO-17950,2,154.288,-82.0074,774,10,0.999414224579
GH-14665,2,146.9408,-5.8102,775,10,0.999478189731
PB-19210,2,132.738,21.897,776,10,0.999535972227
BO-11425,2,130.83,59.4522,777,10,0.999592924147
EL-13735,2,124.28,27.1154,778,10,0.999647024771
CC-12550,3,113.832,33.8706,779,10,0.999696577251
RM-19750,1,98.35,28.6879,780,10,0.999739390225
KS-16300,3,88.472,0.111,781,10,0.999777903183
AR-10570,1,88.15,32.633,782,10,0.99981627597
FW-14395,3,79.75,23.4913,783,10,0.999850992133
JC-15340,4,71.263,-0.3556,784,10,0.9998820138
AS-10135,2,58.82,21.8496,785,10,0.999907618875
LB-16735,3,50.188,18.6507,786,10,0.999929466333
RE-19405,1,48.36,6.045,787,10,0.99995051804
SG-20890,3,47.946,-3.7073,788,10,0.999971389528
RS-19870,2,22.328,9.5838,789,10,0.999981109183
MG-18205,1,16.739,-1.2453,790,10,0.999988395878
CJ-11875,1,16.52,1.652,791,10,0.999995587238
LD-16855,1,5.304,0.4641,792,10,0.999997896135
TS-21085,2,4.833,-3.3156,793,10,1
